s_open_time;open_time;ticker;open;high;low;close;adj_close;volume;ticker_type;ema_adj_close_200p;ema_adj_close_200p_diff;ema_close_200p;ema_close_200p_diff;rsi;previsao
2021-12-15;1639526400000;ASAI3.SA;14.57;14.71;14.37;14.69;14.48;6373000;stock;16.12;-10.16;16.37;-10.29;54.01;ESTAVEL
2021-12-16;1639612800000;ASAI3.SA;14.87;14.95;14.47;14.54;14.34;5287600;stock;16.1;-10.91;16.35;-11.09;51.97;ESTAVEL
2021-12-17;1639699200000;ASAI3.SA;14.49;14.66;14.28;14.46;14.26;8250000;stock;16.08;-11.29;16.33;-11.46;50.79;ESTAVEL
2021-12-20;1639958400000;ASAI3.SA;14.46;14.51;13.91;14.1;13.9;6680500;stock;16.05;-13.4;16.31;-13.53;45.75;ESTAVEL
2021-12-21;1640044800000;ASAI3.SA;14.11;14.3;13.99;14.25;14.05;4083800;stock;16.03;-12.34;16.28;-12.48;48.06;ESTAVEL
2021-12-22;1640131200000;ASAI3.SA;14.22;14.3;13.91;14.16;13.96;6990400;stock;16.0;-12.77;16.26;-12.9;46.77;ESTAVEL
2021-12-23;1640217600000;ASAI3.SA;14.04;14.29;13.94;14.09;13.89;4198000;stock;15.98;-13.08;16.23;-13.2;45.74;ESTAVEL
2021-12-27;1640563200000;ASAI3.SA;14.09;14.19;13.5;13.64;13.45;14666400;stock;15.95;-15.68;16.2;-15.82;39.83;ESTAVEL
2021-12-28;1640649600000;ASAI3.SA;13.73;13.73;12.89;13.1;12.92;22962600;stock;15.92;-18.83;16.17;-18.98;34.1;ESTAVEL
2021-12-29;1640736000000;ASAI3.SA;13.1;13.12;12.82;12.84;12.66;10451000;stock;15.88;-20.28;16.13;-20.4;31.69;ESTAVEL
2021-12-30;1640822400000;ASAI3.SA;12.9;13.08;12.82;12.96;12.78;5913100;stock;15.84;-19.34;16.09;-19.48;34.01;ESTAVEL
2022-01-03;1641168000000;ASAI3.SA;13.08;13.08;12.4;12.72;12.54;16124600;stock;15.81;-20.67;16.06;-20.78;31.7;ESTAVEL
2022-01-04;1641254400000;ASAI3.SA;12.77;12.82;12.45;12.72;12.54;9389900;stock;15.77;-20.48;16.02;-20.59;31.7;ESTAVEL
2022-01-05;1641340800000;ASAI3.SA;12.68;12.7;11.94;11.99;11.82;11220000;stock;15.73;-24.84;15.97;-24.94;25.63;SUBIR
2022-01-06;1641427200000;ASAI3.SA;12.1;12.16;11.54;11.59;11.43;15779400;stock;15.68;-27.09;15.92;-27.22;23.06;SUBIR
2022-01-07;1641513600000;ASAI3.SA;11.52;11.63;11.21;11.36;11.2;11641900;stock;15.63;-28.33;15.87;-28.43;21.67;SUBIR
2022-01-10;1641772800000;ASAI3.SA;11.26;11.36;11.03;11.3;11.14;8755800;stock;15.58;-28.48;15.82;-28.58;21.31;SUBIR
2022-01-11;1641859200000;ASAI3.SA;11.2;11.47;11.16;11.45;11.29;6045500;stock;15.53;-27.29;15.77;-27.4;24.67;SUBIR
2022-01-12;1641945600000;ASAI3.SA;11.45;11.81;11.31;11.8;11.64;7862000;stock;15.48;-24.83;15.73;-24.97;31.97;ESTAVEL
2022-01-13;1642032000000;ASAI3.SA;11.8;12.11;11.67;12.02;11.85;9668300;stock;15.44;-23.27;15.69;-23.37;35.98;ESTAVEL
2022-01-14;1642118400000;ASAI3.SA;11.94;12.2;11.92;12.13;11.96;7586600;stock;15.4;-22.36;15.65;-22.47;38.04;ESTAVEL
2022-01-17;1642377600000;ASAI3.SA;12.13;12.15;11.94;12.01;11.84;4569300;stock;15.36;-22.94;15.61;-23.04;36.65;ESTAVEL
2022-01-18;1642464000000;ASAI3.SA;12.01;12.03;11.82;11.92;11.75;7771300;stock;15.32;-23.33;15.56;-23.41;35.61;ESTAVEL
2022-01-19;1642550400000;ASAI3.SA;11.95;12.24;11.95;12.03;11.86;5074700;stock;15.29;-22.41;15.52;-22.51;37.94;ESTAVEL
2022-01-20;1642636800000;ASAI3.SA;12.1;12.24;11.89;11.95;11.78;7365800;stock;15.25;-22.74;15.49;-22.83;36.89;ESTAVEL
2022-01-21;1642723200000;ASAI3.SA;11.9;12.17;11.74;12.02;11.85;8537100;stock;15.21;-22.09;15.45;-22.18;38.49;ESTAVEL
2022-01-24;1642982400000;ASAI3.SA;12.0;12.18;11.85;12.04;11.87;6551900;stock;15.17;-21.76;15.41;-21.86;38.97;ESTAVEL
2022-01-25;1643068800000;ASAI3.SA;11.96;12.44;11.49;12.3;12.13;40426700;stock;15.14;-19.87;15.37;-20.0;44.94;ESTAVEL
2022-01-26;1643155200000;ASAI3.SA;12.36;12.78;12.28;12.28;12.11;11052300;stock;15.1;-19.83;15.34;-19.95;44.58;ESTAVEL
2022-01-27;1643241600000;ASAI3.SA;12.41;12.7;12.21;12.55;12.37;13761300;stock;15.07;-17.94;15.31;-18.02;50.18;ESTAVEL
2022-01-28;1643328000000;ASAI3.SA;12.5;12.6;11.99;12.38;12.21;14924100;stock;15.04;-18.83;15.28;-18.96;47.03;ESTAVEL
2022-01-31;1643587200000;ASAI3.SA;12.36;12.69;12.31;12.53;12.35;12073700;stock;15.01;-17.74;15.25;-17.82;49.99;ESTAVEL
2022-02-01;1643673600000;ASAI3.SA;12.49;12.66;12.38;12.58;12.4;5991900;stock;14.98;-17.25;15.22;-17.33;51.04;ESTAVEL
2022-02-02;1643760000000;ASAI3.SA;12.58;12.85;12.36;12.5;12.33;9442200;stock;14.95;-17.55;15.19;-17.69;49.47;ESTAVEL
2022-02-03;1643846400000;ASAI3.SA;12.6;12.78;12.45;12.5;12.33;8796800;stock;14.93;-17.39;15.16;-17.53;49.47;ESTAVEL
2022-02-04;1643932800000;ASAI3.SA;12.47;12.9;12.1;12.9;12.72;17676100;stock;14.9;-14.64;15.13;-14.75;57.84;ESTAVEL
2022-02-07;1644192000000;ASAI3.SA;12.87;13.19;12.77;12.77;12.59;7212000;stock;14.88;-15.37;15.11;-15.47;54.6;ESTAVEL
2022-02-08;1644278400000;ASAI3.SA;12.71;12.77;12.38;12.51;12.34;8002100;stock;14.85;-16.89;15.08;-17.03;48.91;ESTAVEL
2022-02-09;1644364800000;ASAI3.SA;12.51;12.86;12.47;12.61;12.43;9060800;stock;14.82;-16.14;15.05;-16.22;50.89;ESTAVEL
2022-02-10;1644451200000;ASAI3.SA;12.51;12.87;12.44;12.68;12.5;4310600;stock;14.8;-15.52;15.03;-15.61;52.44;ESTAVEL
2022-02-11;1644537600000;ASAI3.SA;12.75;12.78;12.29;12.34;12.17;7316000;stock;14.77;-17.59;15.0;-17.71;45.21;ESTAVEL
2022-02-14;1644796800000;ASAI3.SA;12.34;12.53;12.18;12.33;12.16;5445000;stock;14.74;-17.5;14.97;-17.62;45.01;ESTAVEL
2022-02-15;1644883200000;ASAI3.SA;12.48;12.51;12.07;12.18;12.01;11329100;stock;14.71;-18.35;14.94;-18.45;41.97;ESTAVEL
2022-02-16;1644969600000;ASAI3.SA;12.2;13.23;12.1;13.05;12.87;21489000;stock;14.69;-12.39;14.92;-12.51;59.03;ESTAVEL
2022-02-17;1645056000000;ASAI3.SA;13.04;13.55;13.04;13.25;13.06;10362100;stock;14.67;-10.99;14.9;-11.06;61.71;ESTAVEL
2022-02-18;1645142400000;ASAI3.SA;13.4;13.43;12.7;12.7;12.52;11604500;stock;14.65;-14.53;14.87;-14.61;51.42;ESTAVEL
2022-02-21;1645401600000;ASAI3.SA;12.7;12.85;12.27;12.46;12.29;4718800;stock;14.62;-15.95;14.85;-16.08;47.77;ESTAVEL
2022-02-22;1645488000000;ASAI3.SA;12.71;13.22;12.65;13.1;12.92;15416600;stock;14.6;-11.53;14.83;-11.65;56.82;ESTAVEL
2022-02-23;1645574400000;ASAI3.SA;13.1;13.47;13.1;13.33;13.14;5598100;stock;14.59;-9.93;14.81;-10.0;59.46;ESTAVEL
2022-02-24;1645660800000;ASAI3.SA;12.99;13.65;12.78;13.54;13.35;6603100;stock;14.57;-8.4;14.8;-8.5;61.86;ESTAVEL
2022-02-25;1645747200000;ASAI3.SA;13.43;13.75;13.32;13.46;13.27;8089600;stock;14.56;-8.86;14.78;-8.95;60.39;ESTAVEL
2022-03-02;1646179200000;ASAI3.SA;13.46;13.56;13.23;13.27;13.08;4196000;stock;14.54;-10.07;14.77;-10.14;56.94;ESTAVEL
2022-03-03;1646265600000;ASAI3.SA;13.4;13.56;12.91;13.15;12.97;12631200;stock;14.53;-10.72;14.75;-10.85;54.98;ESTAVEL
2022-03-04;1646352000000;ASAI3.SA;13.23;13.23;12.7;12.71;12.53;6563400;stock;14.51;-13.62;14.73;-13.7;47.89;ESTAVEL
2022-03-07;1646611200000;ASAI3.SA;12.65;12.74;12.23;12.28;12.11;12255900;stock;14.48;-16.37;14.7;-16.47;42.28;ESTAVEL
2022-03-08;1646697600000;ASAI3.SA;12.29;12.55;12.06;12.3;12.13;10151100;stock;14.45;-16.08;14.68;-16.19;42.62;ESTAVEL
2022-03-09;1646784000000;ASAI3.SA;12.45;13.64;12.3;13.4;13.21;14771600;stock;14.44;-8.53;14.66;-8.6;57.41;ESTAVEL
2022-03-10;1646870400000;ASAI3.SA;13.26;13.63;12.81;13.31;13.12;9185900;stock;14.43;-9.06;14.65;-9.13;56.11;ESTAVEL
2022-03-11;1646956800000;ASAI3.SA;13.53;13.53;12.77;12.98;12.8;7293900;stock;14.41;-11.17;14.63;-11.27;51.64;ESTAVEL
2022-03-14;1647216000000;ASAI3.SA;13.01;13.34;12.96;13.1;12.92;4274300;stock;14.39;-10.24;14.61;-10.35;53.15;ESTAVEL
2022-03-15;1647302400000;ASAI3.SA;12.87;13.5;12.87;13.42;13.23;8181800;stock;14.38;-8.0;14.6;-8.08;56.89;ESTAVEL
2022-03-16;1647388800000;ASAI3.SA;13.51;13.7;13.33;13.6;13.41;7731200;stock;14.37;-6.68;14.59;-6.78;58.94;ESTAVEL
2022-03-17;1647475200000;ASAI3.SA;13.7;13.86;13.47;13.73;13.54;6159800;stock;14.36;-5.72;14.58;-5.83;60.4;ESTAVEL
2022-03-18;1647561600000;ASAI3.SA;13.65;14.42;13.59;14.22;14.02;10366600;stock;14.36;-2.35;14.58;-2.44;65.32;ESTAVEL
2022-03-21;1647820800000;ASAI3.SA;14.22;14.26;13.8;14.19;13.99;3916100;stock;14.35;-2.54;14.57;-2.62;64.78;ESTAVEL
2022-03-22;1647907200000;ASAI3.SA;14.3;14.93;14.26;14.74;14.53;13737200;stock;14.36;1.21;14.57;1.14;69.65;ESTAVEL
2022-03-23;1647993600000;ASAI3.SA;14.68;15.27;14.52;15.05;14.84;8813400;stock;14.36;3.33;14.58;3.23;72.04;CAIR
2022-03-24;1648080000000;ASAI3.SA;15.06;15.43;15.02;15.31;15.1;7986800;stock;14.37;5.09;14.59;4.96;73.9;CAIR
2022-03-25;1648166400000;ASAI3.SA;15.4;15.95;15.32;15.84;15.62;8426200;stock;14.38;8.61;14.6;8.49;77.17;CAIR
2022-03-28;1648425600000;ASAI3.SA;15.9;16.51;15.67;16.24;16.01;14496800;stock;14.4;11.18;14.62;11.1;79.27;CAIR
2022-03-29;1648512000000;ASAI3.SA;16.46;16.67;16.15;16.22;15.99;7323700;stock;14.42;10.91;14.63;10.83;78.87;CAIR
2022-03-30;1648598400000;ASAI3.SA;16.24;16.56;16.11;16.17;15.94;8944100;stock;14.43;10.44;14.65;10.37;77.81;CAIR
2022-03-31;1648684800000;ASAI3.SA;16.14;16.55;16.14;16.29;16.06;17319900;stock;14.45;11.14;14.67;11.06;78.55;CAIR
2022-04-01;1648771200000;ASAI3.SA;16.45;16.72;16.19;16.48;16.25;8302400;stock;14.47;12.31;14.69;12.2;79.71;CAIR
2022-04-04;1649030400000;ASAI3.SA;16.49;16.6;16.25;16.29;16.06;2672100;stock;14.49;10.86;14.7;10.78;75.33;CAIR
2022-04-05;1649116800000;ASAI3.SA;16.3;16.38;16.07;16.17;15.94;10716200;stock;14.5;9.92;14.72;9.85;72.61;CAIR
2022-04-06;1649203200000;ASAI3.SA;16.1;16.43;15.84;16.29;16.06;10924400;stock;14.52;10.62;14.74;10.54;73.64;CAIR
2022-04-07;1649289600000;ASAI3.SA;16.08;16.25;15.96;16.1;15.88;6566700;stock;14.53;9.27;14.75;9.14;69.45;ESTAVEL
2022-04-08;1649376000000;ASAI3.SA;16.04;16.3;15.77;16.12;15.89;3069100;stock;14.55;9.23;14.77;9.17;69.55;ESTAVEL
2022-04-11;1649635200000;ASAI3.SA;16.1;16.21;15.92;16.0;15.78;10289300;stock;14.56;8.38;14.78;8.26;66.86;ESTAVEL
2022-04-12;1649721600000;ASAI3.SA;16.2;16.56;16.11;16.45;16.22;9798400;stock;14.58;11.26;14.8;11.17;71.59;CAIR
2022-04-13;1649808000000;ASAI3.SA;16.52;16.77;16.42;16.5;16.27;7212700;stock;14.6;11.47;14.81;11.38;72.08;CAIR
2022-04-14;1649894400000;ASAI3.SA;16.45;16.53;16.2;16.37;16.14;4607000;stock;14.61;10.46;14.83;10.38;68.77;ESTAVEL
2022-04-18;1650240000000;ASAI3.SA;16.29;16.4;16.03;16.03;15.81;3539900;stock;14.62;8.1;14.84;7.99;61.11;ESTAVEL
2022-04-19;1650326400000;ASAI3.SA;16.04;16.51;15.89;16.34;16.11;7756800;stock;14.64;10.04;14.86;9.96;64.94;ESTAVEL
2022-04-20;1650412800000;ASAI3.SA;16.48;17.09;16.45;16.59;16.36;12326800;stock;14.66;11.61;14.88;11.51;67.78;ESTAVEL
2022-04-22;1650585600000;ASAI3.SA;16.48;16.48;15.85;16.03;15.81;8878800;stock;14.67;7.77;14.89;7.66;56.85;ESTAVEL
2022-04-25;1650844800000;ASAI3.SA;15.99;16.18;15.71;16.01;15.79;6454900;stock;14.68;7.54;14.9;7.44;56.5;ESTAVEL
2022-04-26;1650931200000;ASAI3.SA;15.92;16.02;15.72;15.83;15.61;9387600;stock;14.69;6.25;14.91;6.16;53.26;ESTAVEL
2022-04-27;1651017600000;ASAI3.SA;16.0;16.2;15.66;15.89;15.67;7959000;stock;14.7;6.58;14.92;6.49;54.2;ESTAVEL
2022-04-28;1651104000000;ASAI3.SA;16.04;16.1;15.53;15.53;15.31;5384600;stock;14.71;4.09;14.93;4.03;47.95;ESTAVEL
2022-04-29;1651190400000;ASAI3.SA;15.64;15.71;15.28;15.28;15.19;7651000;stock;14.71;3.23;14.93;2.33;46.05;ESTAVEL
2022-05-02;1651449600000;ASAI3.SA;15.1;15.54;14.99;15.25;15.16;5536000;stock;14.72;3.0;14.94;2.11;45.56;ESTAVEL
2022-05-03;1651536000000;ASAI3.SA;15.26;15.42;15.03;15.18;15.09;5388000;stock;14.72;2.49;14.94;1.62;44.38;ESTAVEL
2022-05-04;1651622400000;ASAI3.SA;14.98;15.52;14.8;15.36;15.27;5127000;stock;14.73;3.68;14.94;2.79;48.1;ESTAVEL
2022-05-05;1651708800000;ASAI3.SA;15.1;15.31;14.87;15.02;14.93;6151000;stock;14.73;1.35;14.94;0.51;42.34;ESTAVEL
2022-05-06;1651795200000;ASAI3.SA;15.0;15.07;14.59;14.69;14.6;6832100;stock;14.73;-0.88;14.94;-1.68;37.63;ESTAVEL
2022-05-09;1652054400000;ASAI3.SA;14.58;14.87;14.45;14.76;14.67;11844800;stock;14.73;-0.4;14.94;-1.2;39.17;ESTAVEL
2022-05-10;1652140800000;ASAI3.SA;14.76;15.54;14.68;15.27;15.18;13119700;stock;14.73;3.03;14.94;2.19;49.08;ESTAVEL
2022-05-11;1652227200000;ASAI3.SA;15.0;15.35;14.95;15.16;15.07;6181500;stock;14.74;2.26;14.94;1.44;47.29;ESTAVEL
2022-05-12;1652313600000;ASAI3.SA;14.97;15.65;14.97;15.24;15.15;8258700;stock;14.74;2.77;14.95;1.96;48.75;ESTAVEL
2022-05-13;1652400000000;ASAI3.SA;15.28;15.67;15.18;15.48;15.39;5016200;stock;14.75;4.35;14.95;3.52;52.97;ESTAVEL
2022-05-16;1652659200000;ASAI3.SA;15.5;15.5;15.2;15.37;15.28;6824600;stock;14.75;3.57;14.96;2.76;50.9;ESTAVEL
2022-05-17;1652745600000;ASAI3.SA;15.41;15.85;15.41;15.83;15.74;7407200;stock;14.76;6.61;14.97;5.77;58.25;ESTAVEL
2022-05-18;1652832000000;ASAI3.SA;15.81;15.83;15.38;15.4;15.31;6842800;stock;14.77;3.66;14.97;2.86;50.63;ESTAVEL
2022-05-19;1652918400000;ASAI3.SA;15.49;15.52;15.22;15.45;15.36;6219800;stock;14.78;3.95;14.98;3.16;51.42;ESTAVEL
2022-05-20;1653004800000;ASAI3.SA;15.6;16.08;15.5;15.96;15.86;8142900;stock;14.79;7.26;14.99;6.5;58.61;ESTAVEL
2022-05-23;1653264000000;ASAI3.SA;16.12;16.23;15.75;15.87;15.78;8474400;stock;14.8;6.64;15.0;5.83;57.15;ESTAVEL
2022-05-24;1653350400000;ASAI3.SA;15.77;15.93;15.57;15.9;15.81;5652100;stock;14.81;6.77;15.01;5.96;57.58;ESTAVEL
2022-05-25;1653436800000;ASAI3.SA;15.74;16.03;15.51;15.72;15.63;8129200;stock;14.82;5.49;15.01;4.71;54.1;ESTAVEL
2022-05-26;1653523200000;ASAI3.SA;15.65;16.2;15.61;16.09;15.99;6641000;stock;14.83;7.83;15.02;7.1;59.38;ESTAVEL
2022-05-27;1653609600000;ASAI3.SA;16.02;16.1;15.71;15.8;15.71;3408100;stock;14.84;5.88;15.03;5.11;54.16;ESTAVEL
2022-05-30;1653868800000;ASAI3.SA;15.81;16.08;15.74;15.85;15.76;1706700;stock;14.85;6.15;15.04;5.38;54.92;ESTAVEL
2022-05-31;1653955200000;ASAI3.SA;15.88;15.98;15.63;15.84;15.75;5708500;stock;14.86;6.01;15.05;5.26;54.73;ESTAVEL
2022-06-01;1654041600000;ASAI3.SA;15.98;16.13;15.29;15.42;15.33;6096700;stock;14.86;3.15;15.05;2.44;47.13;ESTAVEL
2022-06-02;1654128000000;ASAI3.SA;15.64;16.0;15.45;15.89;15.8;5285700;stock;14.87;6.24;15.06;5.5;54.71;ESTAVEL
2022-06-03;1654214400000;ASAI3.SA;15.75;15.81;15.35;15.45;15.36;4184100;stock;14.88;3.25;15.07;2.55;47.8;ESTAVEL
2022-06-06;1654473600000;ASAI3.SA;15.59;15.71;15.41;15.47;15.38;2626600;stock;14.88;3.35;15.07;2.66;48.12;ESTAVEL
2022-06-07;1654560000000;ASAI3.SA;15.39;15.9;15.26;15.7;15.61;7316900;stock;14.89;4.84;15.08;4.14;51.79;ESTAVEL
2022-06-08;1654646400000;ASAI3.SA;15.58;16.34;15.56;15.94;15.84;10420600;stock;14.9;6.31;15.08;5.67;55.2;ESTAVEL
2022-06-09;1654732800000;ASAI3.SA;15.97;16.09;15.33;15.6;15.51;9688900;stock;14.91;4.05;15.09;3.38;49.76;ESTAVEL
2022-06-10;1654819200000;ASAI3.SA;15.42;15.59;14.77;15.04;14.95;15101900;stock;14.91;0.29;15.09;-0.33;42.16;ESTAVEL
2022-06-13;1655078400000;ASAI3.SA;14.8;14.9;14.42;14.57;14.48;9104400;stock;14.9;-2.83;15.08;-3.41;37.05;ESTAVEL
2022-06-14;1655164800000;ASAI3.SA;14.55;14.75;14.37;14.59;14.5;10130900;stock;14.9;-2.67;15.08;-3.24;37.4;ESTAVEL
2022-06-15;1655251200000;ASAI3.SA;14.89;15.64;14.8;15.48;15.39;25461900;stock;14.9;3.27;15.08;2.63;50.51;ESTAVEL
2022-06-17;1655424000000;ASAI3.SA;15.19;15.76;15.12;15.51;15.42;14099900;stock;14.91;3.43;15.09;2.8;50.88;ESTAVEL
2022-06-20;1655683200000;ASAI3.SA;15.67;16.09;15.4;15.9;15.81;7611300;stock;14.92;5.98;15.1;5.32;55.57;ESTAVEL
2022-06-21;1655769600000;ASAI3.SA;15.96;16.24;15.38;15.41;15.32;9398400;stock;14.92;2.67;15.1;2.06;49.21;ESTAVEL
2022-06-22;1655856000000;ASAI3.SA;15.24;15.71;14.87;14.99;14.9;8791300;stock;14.92;-0.14;15.1;-0.72;44.51;ESTAVEL
2022-06-23;1655942400000;ASAI3.SA;14.94;15.47;14.94;15.28;15.19;3851900;stock;14.92;1.78;15.1;1.19;48.19;ESTAVEL
2022-06-24;1656028800000;ASAI3.SA;15.43;15.43;14.8;14.97;14.88;5803600;stock;14.92;-0.29;15.1;-0.85;44.77;ESTAVEL
2022-06-27;1656288000000;ASAI3.SA;15.03;15.05;14.64;14.7;14.61;8041800;stock;14.92;-2.08;15.09;-2.62;41.98;ESTAVEL
2022-06-28;1656374400000;ASAI3.SA;14.78;15.04;14.5;14.62;14.53;7081400;stock;14.92;-2.59;15.09;-3.11;41.16;ESTAVEL
2022-06-29;1656460800000;ASAI3.SA;14.72;14.72;14.11;14.38;14.29;8408900;stock;14.91;-4.16;15.08;-4.66;38.72;ESTAVEL
2022-06-30;1656547200000;ASAI3.SA;14.1;14.41;13.85;14.27;14.18;10650900;stock;14.9;-4.85;15.07;-5.33;37.62;ESTAVEL
2022-07-01;1656633600000;ASAI3.SA;14.16;14.83;14.06;14.6;14.51;10271400;stock;14.9;-2.61;15.07;-3.11;42.87;ESTAVEL
2022-07-04;1656892800000;ASAI3.SA;14.49;14.68;14.29;14.4;14.31;1980900;stock;14.89;-3.91;15.06;-4.4;40.63;ESTAVEL
2022-07-05;1656979200000;ASAI3.SA;14.19;14.73;13.98;14.71;14.62;7354200;stock;14.89;-1.81;15.06;-2.32;45.38;ESTAVEL
2022-07-06;1657065600000;ASAI3.SA;14.5;15.19;14.45;14.9;14.81;11107300;stock;14.89;-0.53;15.06;-1.04;48.12;ESTAVEL
2022-07-07;1657152000000;ASAI3.SA;15.05;15.52;15.02;15.13;15.04;6763400;stock;14.89;1.01;15.06;0.48;51.3;ESTAVEL
2022-07-08;1657238400000;ASAI3.SA;15.3;15.39;14.96;15.28;15.19;3792400;stock;14.89;1.99;15.06;1.46;53.32;ESTAVEL
2022-07-11;1657497600000;ASAI3.SA;15.13;15.46;15.08;15.35;15.26;3654100;stock;14.9;2.44;15.06;1.9;54.26;ESTAVEL
2022-07-12;1657584000000;ASAI3.SA;15.36;15.54;15.15;15.24;15.15;4929100;stock;14.9;1.68;15.06;1.16;52.46;ESTAVEL
2022-07-13;1657670400000;ASAI3.SA;15.14;15.59;14.99;15.34;15.25;3964800;stock;14.9;2.33;15.07;1.81;53.96;ESTAVEL
2022-07-14;1657756800000;ASAI3.SA;15.08;15.57;15.07;15.32;15.23;8175300;stock;14.91;2.17;15.07;1.66;53.59;ESTAVEL
2022-07-15;1657843200000;ASAI3.SA;15.4;15.74;15.12;15.58;15.49;3973400;stock;14.91;3.87;15.08;3.35;57.6;ESTAVEL
2022-07-18;1658102400000;ASAI3.SA;15.65;15.77;15.37;15.44;15.35;3805700;stock;14.92;2.9;15.08;2.39;54.86;ESTAVEL
2022-07-19;1658188800000;ASAI3.SA;15.48;15.68;15.28;15.49;15.4;3342100;stock;14.92;3.2;15.08;2.69;55.67;ESTAVEL
2022-07-20;1658275200000;ASAI3.SA;15.46;15.68;15.13;15.39;15.3;5599700;stock;14.93;2.51;15.09;2.01;53.59;ESTAVEL
2022-07-21;1658361600000;ASAI3.SA;15.31;15.52;15.16;15.41;15.32;4662200;stock;14.93;2.61;15.09;2.12;53.96;ESTAVEL
2022-07-22;1658448000000;ASAI3.SA;15.41;15.72;15.35;15.65;15.56;3071000;stock;14.94;4.17;15.1;3.67;58.26;ESTAVEL
2022-07-25;1658707200000;ASAI3.SA;15.79;16.02;15.48;15.5;15.41;6226600;stock;14.94;3.14;15.1;2.65;54.81;ESTAVEL
2022-07-26;1658793600000;ASAI3.SA;15.39;15.61;15.33;15.52;15.43;3874000;stock;14.95;3.24;15.1;2.75;55.2;ESTAVEL
2022-07-27;1658880000000;ASAI3.SA;15.62;16.54;15.61;16.36;16.26;22102600;stock;14.96;8.69;15.12;8.22;67.45;ESTAVEL
2022-07-28;1658966400000;ASAI3.SA;16.52;16.75;15.9;16.19;16.09;25902000;stock;14.97;7.47;15.13;7.02;63.61;ESTAVEL
2022-07-29;1659052800000;ASAI3.SA;16.19;16.26;15.85;15.85;15.76;15825800;stock;14.98;5.21;15.14;4.72;56.85;ESTAVEL
2022-08-01;1659312000000;ASAI3.SA;15.53;15.99;15.42;15.63;15.54;9649400;stock;14.99;3.7;15.14;3.23;52.82;ESTAVEL
2022-08-02;1659398400000;ASAI3.SA;15.62;15.79;15.37;15.67;15.58;7865200;stock;14.99;3.93;15.15;3.46;53.46;ESTAVEL
2022-08-03;1659484800000;ASAI3.SA;15.7;16.61;15.64;16.56;16.46;9465300;stock;15.01;9.69;15.16;9.23;64.87;ESTAVEL
2022-08-04;1659571200000;ASAI3.SA;16.63;17.05;16.53;16.83;16.73;10048700;stock;15.02;11.36;15.18;10.89;67.5;ESTAVEL
2022-08-05;1659657600000;ASAI3.SA;16.88;17.2;16.72;17.03;16.93;6244900;stock;15.04;12.54;15.2;12.07;69.33;ESTAVEL
2022-08-08;1659916800000;ASAI3.SA;17.16;17.53;16.88;17.32;17.22;10381400;stock;15.07;14.3;15.22;13.81;71.81;CAIR
2022-08-09;1660003200000;ASAI3.SA;17.29;17.52;17.14;17.25;17.15;6314800;stock;15.09;13.67;15.24;13.2;70.33;CAIR
2022-08-10;1660089600000;ASAI3.SA;17.82;17.86;17.37;17.54;17.44;6533000;stock;15.11;15.41;15.26;14.92;72.83;CAIR
2022-08-11;1660176000000;ASAI3.SA;17.56;18.0;17.51;17.64;17.53;8667500;stock;15.14;15.82;15.29;15.39;73.57;CAIR
2022-08-12;1660262400000;ASAI3.SA;17.82;18.32;17.71;18.0;17.89;11729000;stock;15.16;17.98;15.31;17.54;76.36;CAIR
2022-08-15;1660521600000;ASAI3.SA;17.86;18.34;17.71;18.2;18.09;7999500;stock;15.19;19.06;15.34;18.61;77.76;CAIR
2022-08-16;1660608000000;ASAI3.SA;18.19;18.3;17.85;18.09;17.98;4828900;stock;15.22;18.12;15.37;17.68;75.12;CAIR
2022-08-17;1660694400000;ASAI3.SA;17.97;18.19;17.82;17.93;17.82;8548600;stock;15.25;16.86;15.4;16.44;71.33;CAIR
2022-08-18;1660780800000;ASAI3.SA;18.0;18.26;17.95;18.12;18.01;13968800;stock;15.28;17.89;15.43;17.46;73.07;CAIR
2022-08-19;1660867200000;ASAI3.SA;18.12;18.24;17.72;17.78;17.67;7571900;stock;15.3;15.48;15.45;15.08;65.42;ESTAVEL
2022-08-22;1661126400000;ASAI3.SA;17.63;18.12;17.46;18.02;17.91;10077700;stock;15.33;16.85;15.48;16.44;67.97;ESTAVEL
2022-08-23;1661212800000;ASAI3.SA;18.16;18.47;17.76;17.86;17.75;12142000;stock;15.35;15.62;15.5;15.22;64.55;ESTAVEL
2022-08-24;1661299200000;ASAI3.SA;17.8;17.92;17.64;17.8;17.69;5807100;stock;15.38;15.05;15.52;14.66;63.27;ESTAVEL
2022-08-25;1661385600000;ASAI3.SA;17.85;17.98;17.63;17.95;17.84;6074000;stock;15.4;15.83;15.55;15.44;65.14;ESTAVEL
2022-08-26;1661472000000;ASAI3.SA;17.96;18.08;17.76;17.95;17.84;3647900;stock;15.43;15.65;15.57;15.26;65.14;ESTAVEL
2022-08-29;1661731200000;ASAI3.SA;17.95;18.67;17.85;18.36;18.25;7263100;stock;15.46;18.08;15.6;17.68;69.97;ESTAVEL
2022-08-30;1661817600000;ASAI3.SA;18.36;18.64;18.22;18.3;18.19;6440300;stock;15.48;17.48;15.63;17.09;68.48;ESTAVEL
2022-08-31;1661904000000;ASAI3.SA;18.42;18.67;18.18;18.39;18.28;9759800;stock;15.51;17.85;15.66;17.45;69.53;ESTAVEL
2022-09-01;1661990400000;ASAI3.SA;18.49;18.94;18.39;18.77;18.66;12942800;stock;15.54;20.05;15.69;19.64;73.55;CAIR
2022-09-02;1662076800000;ASAI3.SA;18.9;19.25;18.64;18.9;18.79;12423600;stock;15.58;20.63;15.72;20.22;74.77;CAIR
2022-09-05;1662336000000;ASAI3.SA;19.09;19.63;18.81;19.45;19.33;11861400;stock;15.61;23.79;15.76;23.42;79.11;CAIR
2022-09-06;1662422400000;ASAI3.SA;19.4;19.55;19.03;19.47;19.35;7863100;stock;15.65;23.62;15.8;23.25;79.25;CAIR
2022-09-08;1662595200000;ASAI3.SA;19.63;19.67;19.04;19.1;18.99;6653400;stock;15.69;21.06;15.83;20.65;70.02;CAIR
2022-09-09;1662681600000;ASAI3.SA;19.18;19.33;18.77;18.85;18.74;8752700;stock;15.72;19.23;15.86;18.84;64.4;ESTAVEL
2022-09-12;1662940800000;ASAI3.SA;18.95;19.08;18.38;18.46;18.35;10149200;stock;15.74;16.55;15.89;16.19;56.76;ESTAVEL
2022-09-13;1663027200000;ASAI3.SA;18.32;18.52;17.98;18.15;18.04;10161300;stock;15.77;14.41;15.91;14.07;51.53;ESTAVEL
2022-09-14;1663113600000;ASAI3.SA;18.11;18.55;18.03;18.38;18.27;7347400;stock;15.79;15.68;15.94;15.34;54.85;ESTAVEL
2022-09-15;1663200000000;ASAI3.SA;18.37;18.52;18.15;18.29;18.18;7203900;stock;15.82;14.94;15.96;14.6;53.31;ESTAVEL
2022-09-16;1663286400000;ASAI3.SA;18.16;18.29;17.71;17.9;17.79;10140200;stock;15.84;12.33;15.98;12.02;47.13;ESTAVEL
2022-09-19;1663545600000;ASAI3.SA;17.8;18.25;17.8;18.13;18.02;7719100;stock;15.86;13.62;16.0;13.3;50.76;ESTAVEL
2022-09-20;1663632000000;ASAI3.SA;18.22;18.51;18.1;18.27;18.16;8039000;stock;15.88;14.34;16.02;14.01;52.88;ESTAVEL
2022-09-21;1663718400000;ASAI3.SA;18.3;18.64;18.21;18.3;18.19;11282800;stock;15.91;14.36;16.05;14.04;53.34;ESTAVEL
2022-09-22;1663804800000;ASAI3.SA;18.34;18.56;17.59;18.02;17.91;12903600;stock;15.93;12.45;16.07;12.15;48.54;ESTAVEL
2022-09-23;1663891200000;ASAI3.SA;17.76;18.09;17.61;17.79;17.68;12048200;stock;15.94;10.88;16.09;10.6;44.96;ESTAVEL
2022-09-26;1664150400000;ASAI3.SA;17.54;17.86;17.35;17.74;17.63;7980700;stock;15.96;10.45;16.1;10.17;44.2;ESTAVEL
2022-09-27;1664236800000;ASAI3.SA;17.91;18.16;17.51;17.78;17.67;9260100;stock;15.98;10.58;16.12;10.31;45.01;ESTAVEL
2022-09-28;1664323200000;ASAI3.SA;17.79;18.02;17.62;17.95;17.84;11092900;stock;16.0;11.51;16.14;11.23;48.41;ESTAVEL
2022-09-29;1664409600000;ASAI3.SA;17.77;18.12;17.6;17.95;17.84;8404000;stock;16.02;11.38;16.16;11.11;48.41;ESTAVEL
2022-09-30;1664496000000;ASAI3.SA;17.9;17.94;17.5;17.55;17.45;11790900;stock;16.03;8.85;16.17;8.53;41.57;ESTAVEL
2022-10-03;1664755200000;ASAI3.SA;17.9;18.49;17.61;18.43;18.32;18011200;stock;16.05;14.11;16.19;13.82;56.37;ESTAVEL
2022-10-04;1664841600000;ASAI3.SA;18.67;18.76;17.99;18.08;17.97;18594600;stock;16.07;11.8;16.21;11.52;50.8;ESTAVEL
2022-10-05;1664928000000;ASAI3.SA;18.09;18.42;17.8;18.12;18.01;8852300;stock;16.09;11.91;16.23;11.64;51.39;ESTAVEL
2022-10-06;1665014400000;ASAI3.SA;18.3;18.31;17.96;18.11;18.0;6691000;stock;16.11;11.71;16.25;11.44;51.22;ESTAVEL
2022-10-07;1665100800000;ASAI3.SA;18.11;18.36;17.98;18.16;18.05;11897600;stock;16.13;11.89;16.27;11.62;52.06;ESTAVEL
2022-10-10;1665360000000;ASAI3.SA;18.41;18.81;18.25;18.79;18.68;7333800;stock;16.16;15.61;16.3;15.31;61.08;ESTAVEL
2022-10-11;1665446400000;ASAI3.SA;18.84;19.3;18.53;19.02;18.91;12287200;stock;16.19;16.83;16.32;16.52;63.76;ESTAVEL
2022-10-13;1665619200000;ASAI3.SA;18.87;19.72;18.62;19.47;19.35;20665700;stock;16.22;19.31;16.35;19.05;68.27;ESTAVEL
2022-10-14;1665705600000;ASAI3.SA;19.52;19.66;18.99;19.09;18.98;11391600;stock;16.25;16.83;16.38;16.53;61.36;ESTAVEL
2022-10-17;1665964800000;ASAI3.SA;19.2;19.79;19.06;19.74;19.62;20683400;stock;16.28;20.51;16.42;20.25;67.49;ESTAVEL
2022-10-18;1666051200000;ASAI3.SA;19.83;19.89;17.92;17.92;17.81;33355700;stock;16.3;9.29;16.43;9.06;45.51;ESTAVEL
2022-10-19;1666137600000;ASAI3.SA;18.14;18.66;17.94;18.35;18.24;27062400;stock;16.32;11.8;16.45;11.54;49.7;ESTAVEL
2022-10-20;1666224000000;ASAI3.SA;18.41;18.8;17.85;18.01;17.9;15810900;stock;16.33;9.61;16.47;9.37;46.64;ESTAVEL
2022-10-21;1666310400000;ASAI3.SA;18.2;18.95;18.0;18.6;18.49;27105700;stock;16.35;13.07;16.49;12.81;52.14;ESTAVEL
2022-10-24;1666569600000;ASAI3.SA;18.6;19.06;18.21;18.69;18.58;16227000;stock;16.38;13.46;16.51;13.2;52.94;ESTAVEL
2022-10-25;1666656000000;ASAI3.SA;18.69;18.69;17.44;17.69;17.58;27810400;stock;16.39;7.27;16.52;7.07;44.15;ESTAVEL
2022-10-26;1666742400000;ASAI3.SA;17.69;17.72;16.99;17.08;16.98;12823000;stock;16.39;3.58;16.53;3.34;39.87;ESTAVEL
2022-10-27;1666828800000;ASAI3.SA;16.75;18.42;16.6;18.14;18.03;30122400;stock;16.41;9.87;16.54;9.64;49.15;ESTAVEL
2022-10-28;1666915200000;ASAI3.SA;18.07;18.91;17.93;18.81;18.7;12193800;stock;16.43;13.79;16.57;13.54;54.03;ESTAVEL
2022-10-31;1667174400000;ASAI3.SA;18.99;19.98;18.82;19.82;19.7;18379300;stock;16.47;19.64;16.6;19.4;60.17;ESTAVEL
2022-11-01;1667260800000;ASAI3.SA;19.6;20.23;19.38;19.89;19.77;15316600;stock;16.5;19.82;16.63;19.58;60.57;ESTAVEL
2022-11-03;1667433600000;ASAI3.SA;19.41;20.5;19.41;20.37;20.25;9732300;stock;16.54;22.45;16.67;22.19;63.28;ESTAVEL
2022-11-04;1667520000000;ASAI3.SA;20.57;20.74;20.35;20.55;20.43;15655600;stock;16.58;23.24;16.71;22.98;64.27;ESTAVEL
2022-11-07;1667779200000;ASAI3.SA;20.44;20.7;19.87;20.26;20.14;17754600;stock;16.61;21.23;16.75;20.98;61.39;ESTAVEL
2022-11-08;1667865600000;ASAI3.SA;20.0;20.19;19.8;19.96;19.84;10214300;stock;16.65;19.19;16.78;18.96;58.48;ESTAVEL
2022-11-09;1667952000000;ASAI3.SA;19.86;20.86;19.86;20.4;20.28;19633400;stock;16.68;21.57;16.82;21.32;61.38;ESTAVEL
2022-11-10;1668038400000;ASAI3.SA;20.39;20.39;19.14;19.52;19.4;13893700;stock;16.71;16.1;16.84;15.9;53.37;ESTAVEL
2022-11-11;1668124800000;ASAI3.SA;19.6;19.69;18.72;19.35;19.23;19344200;stock;16.74;14.91;16.87;14.72;51.96;ESTAVEL
2022-11-14;1668384000000;ASAI3.SA;19.59;19.92;19.18;19.6;19.48;8802100;stock;16.76;16.21;16.9;16.01;53.89;ESTAVEL
2022-11-16;1668556800000;ASAI3.SA;19.72;19.98;19.15;19.64;19.52;21887300;stock;16.79;16.26;16.92;16.06;54.2;ESTAVEL
2022-11-17;1668643200000;ASAI3.SA;19.37;19.62;18.74;19.5;19.38;10826800;stock;16.82;15.24;16.95;15.05;52.84;ESTAVEL
2022-11-18;1668729600000;ASAI3.SA;19.5;19.75;19.15;19.15;19.04;9969800;stock;16.84;13.07;16.97;12.84;49.56;ESTAVEL
2022-11-21;1668988800000;ASAI3.SA;19.31;19.75;19.29;19.71;19.59;10461100;stock;16.87;16.14;17.0;15.95;54.48;ESTAVEL
2022-11-22;1669075200000;ASAI3.SA;19.8;20.13;19.33;19.47;19.35;9653000;stock;16.89;14.55;17.02;14.37;52.09;ESTAVEL
2022-11-23;1669161600000;ASAI3.SA;19.41;19.87;19.17;19.35;19.23;10423000;stock;16.92;13.68;17.05;13.51;50.89;ESTAVEL
2022-11-24;1669248000000;ASAI3.SA;19.38;20.0;19.29;19.81;19.69;7241600;stock;16.94;16.21;17.08;16.02;55.16;ESTAVEL
2022-11-25;1669334400000;ASAI3.SA;19.89;19.89;19.12;19.21;19.1;6509300;stock;16.97;12.58;17.1;12.36;49.25;ESTAVEL
2022-11-28;1669593600000;ASAI3.SA;19.05;19.77;18.91;19.32;19.2;12132600;stock;16.99;13.02;17.12;12.86;50.22;ESTAVEL
2022-11-29;1669680000000;ASAI3.SA;19.24;19.71;18.99;19.4;19.28;13403400;stock;17.01;13.34;17.14;13.17;51.03;ESTAVEL
2022-11-30;1669766400000;ASAI3.SA;19.0;20.12;18.85;20.05;19.93;128079800;stock;17.04;16.96;17.17;16.76;57.13;ESTAVEL
2022-12-01;1669852800000;ASAI3.SA;19.8;19.81;19.12;19.68;19.56;25518700;stock;17.07;14.62;17.2;14.44;53.08;ESTAVEL
2022-12-02;1669939200000;ASAI3.SA;19.84;20.73;19.74;20.54;20.42;24428900;stock;17.1;19.42;17.23;19.21;60.15;ESTAVEL
2022-12-05;1670198400000;ASAI3.SA;20.35;20.51;20.03;20.38;20.26;17246700;stock;17.13;18.26;17.26;18.06;58.39;ESTAVEL
2022-12-06;1670284800000;ASAI3.SA;20.5;20.57;19.7;19.96;19.84;9745600;stock;17.16;15.63;17.29;15.45;53.92;ESTAVEL
2022-12-07;1670371200000;ASAI3.SA;19.9;20.23;19.54;20.1;19.98;7439200;stock;17.19;16.25;17.32;16.07;55.15;ESTAVEL
2022-12-08;1670457600000;ASAI3.SA;19.8;19.89;19.14;19.34;19.22;15335300;stock;17.21;11.7;17.34;11.55;47.7;ESTAVEL
2022-12-09;1670544000000;ASAI3.SA;19.28;19.47;18.95;19.28;19.16;14833900;stock;17.23;11.22;17.36;11.08;47.15;ESTAVEL
2022-12-12;1670803200000;ASAI3.SA;19.16;19.38;18.55;18.95;18.84;10851800;stock;17.24;9.26;17.37;9.08;44.26;ESTAVEL
2022-12-13;1670889600000;ASAI3.SA;19.23;19.23;18.58;18.63;18.52;13648600;stock;17.26;7.32;17.39;7.16;41.53;ESTAVEL
2022-12-14;1670976000000;ASAI3.SA;18.54;19.17;18.32;19.07;18.96;10673700;stock;17.27;9.76;17.4;9.58;46.43;ESTAVEL
2022-12-15;1671062400000;ASAI3.SA;18.8;19.47;18.78;19.12;19.01;15735500;stock;17.29;9.94;17.42;9.76;46.98;ESTAVEL
2022-12-16;1671148800000;ASAI3.SA;19.08;19.41;18.22;18.71;18.6;14090800;stock;17.3;7.49;17.43;7.32;43.11;ESTAVEL
2022-12-19;1671408000000;ASAI3.SA;18.84;19.62;18.82;19.55;19.43;7150400;stock;17.33;12.15;17.45;12.01;51.77;ESTAVEL
2022-12-20;1671494400000;ASAI3.SA;19.63;20.41;19.58;20.0;19.88;10658900;stock;17.35;14.58;17.48;14.42;55.71;ESTAVEL
2022-12-21;1671580800000;ASAI3.SA;20.04;20.42;19.8;20.18;20.06;13319200;stock;17.38;15.43;17.51;15.27;57.21;ESTAVEL
2022-12-22;1671667200000;ASAI3.SA;20.27;20.27;19.8;20.12;20.0;7183700;stock;17.4;14.91;17.53;14.75;56.53;ESTAVEL
2022-12-23;1671753600000;ASAI3.SA;20.21;20.8;19.79;20.02;19.9;9067600;stock;17.43;14.17;17.56;14.02;55.33;ESTAVEL
2022-12-26;1672012800000;ASAI3.SA;19.8;20.06;19.56;19.93;19.81;2369600;stock;17.45;13.5;17.58;13.35;54.22;ESTAVEL
2022-12-27;1672099200000;ASAI3.SA;20.02;20.1;19.12;19.3;19.18;8606100;stock;17.47;9.78;17.6;9.66;47.08;ESTAVEL
2022-12-28;1672185600000;ASAI3.SA;19.4;19.67;18.96;19.43;19.31;8329700;stock;17.49;10.41;17.62;10.28;48.58;ESTAVEL
2022-12-29;1672272000000;ASAI3.SA;19.54;19.66;19.26;19.47;19.39;7547800;stock;17.51;10.75;17.64;10.4;49.53;ESTAVEL
2023-01-02;1672617600000;ASAI3.SA;19.0;19.17;18.55;18.99;18.91;4837200;stock;17.52;7.92;17.65;7.59;44.25;ESTAVEL
2023-01-03;1672704000000;ASAI3.SA;18.92;19.06;18.37;18.61;18.53;7978600;stock;17.53;5.69;17.66;5.38;40.56;ESTAVEL
2023-01-04;1672790400000;ASAI3.SA;18.83;19.21;18.52;19.08;19.0;9017200;stock;17.55;8.28;17.67;7.95;46.5;ESTAVEL
2023-01-05;1672876800000;ASAI3.SA;19.27;19.47;18.75;18.98;18.9;6318600;stock;17.56;7.62;17.69;7.31;45.46;ESTAVEL
2023-01-06;1672963200000;ASAI3.SA;19.0;19.53;18.86;19.04;18.96;4999100;stock;17.58;7.88;17.7;7.57;46.24;ESTAVEL
2023-01-09;1673222400000;ASAI3.SA;18.95;19.45;18.86;19.23;19.15;4878500;stock;17.59;8.86;17.72;8.54;48.73;ESTAVEL
2023-01-10;1673308800000;ASAI3.SA;18.95;19.36;18.8;19.24;19.16;7152400;stock;17.61;8.82;17.73;8.51;48.87;ESTAVEL
2023-01-11;1673395200000;ASAI3.SA;19.18;19.83;19.02;19.76;19.68;7095500;stock;17.63;11.64;17.75;11.31;55.41;ESTAVEL
2023-01-12;1673481600000;ASAI3.SA;19.78;20.49;19.52;20.0;19.92;10710500;stock;17.65;12.86;17.77;12.52;58.08;ESTAVEL
2023-01-13;1673568000000;ASAI3.SA;19.93;20.31;19.63;19.96;19.88;6794900;stock;17.67;12.49;17.8;12.16;57.46;ESTAVEL
2023-01-16;1673827200000;ASAI3.SA;19.84;20.28;19.83;20.06;19.98;4350100;stock;17.7;12.91;17.82;12.58;58.65;ESTAVEL
2023-01-17;1673913600000;ASAI3.SA;20.15;20.19;19.8;20.06;19.98;5372600;stock;17.72;12.76;17.84;12.43;58.65;ESTAVEL
2023-01-18;1674000000000;ASAI3.SA;20.3;20.68;20.1;20.41;20.33;9224700;stock;17.75;14.57;17.87;14.23;62.84;ESTAVEL
2023-01-19;1674086400000;ASAI3.SA;20.28;20.38;19.99;20.18;20.1;6939700;stock;17.77;13.12;17.89;12.8;58.63;ESTAVEL
2023-01-20;1674172800000;ASAI3.SA;20.09;20.14;19.72;20.0;19.92;5910600;stock;17.79;11.97;17.91;11.66;55.5;ESTAVEL
2023-01-23;1674432000000;ASAI3.SA;19.98;20.5;19.95;20.27;20.19;3499900;stock;17.81;13.33;17.94;13.02;59.04;ESTAVEL
2023-01-24;1674518400000;ASAI3.SA;20.38;21.2;20.37;21.05;20.96;6625300;stock;17.85;17.45;17.97;17.16;67.07;ESTAVEL
2023-01-25;1674604800000;ASAI3.SA;21.32;21.36;20.85;21.11;21.02;2807800;stock;17.88;17.57;18.0;17.29;67.6;ESTAVEL
2023-01-26;1674691200000;ASAI3.SA;21.11;21.17;20.68;21.0;20.91;7475700;stock;17.91;16.76;18.03;16.48;65.51;ESTAVEL
2023-01-27;1674777600000;ASAI3.SA;20.94;21.25;20.83;21.02;20.93;6872200;stock;17.94;16.67;18.06;16.4;65.72;ESTAVEL
2023-01-30;1675036800000;ASAI3.SA;21.09;21.24;20.57;20.78;20.7;14094800;stock;17.97;15.21;18.09;14.9;61.15;ESTAVEL
2023-01-31;1675123200000;ASAI3.SA;20.3;20.36;19.35;19.65;19.57;30363400;stock;17.98;8.83;18.1;8.56;44.71;ESTAVEL
2023-02-01;1675209600000;ASAI3.SA;19.53;19.78;19.28;19.63;19.55;17126000;stock;18.0;8.62;18.12;8.35;44.48;ESTAVEL
2023-02-02;1675296000000;ASAI3.SA;19.28;19.89;19.22;19.52;19.44;8708800;stock;18.01;7.92;18.13;7.66;43.18;ESTAVEL
2023-02-03;1675382400000;ASAI3.SA;19.37;19.5;19.02;19.12;19.04;6859200;stock;18.02;5.64;18.14;5.4;38.73;ESTAVEL
2023-02-06;1675641600000;ASAI3.SA;19.12;19.34;18.9;19.22;19.14;7136600;stock;18.03;6.13;18.15;5.89;40.39;ESTAVEL
2023-02-07;1675728000000;ASAI3.SA;18.78;19.36;18.42;18.85;18.77;19883200;stock;18.04;4.04;18.16;3.81;36.47;ESTAVEL
2023-02-08;1675814400000;ASAI3.SA;18.95;19.06;18.41;18.76;18.68;14424900;stock;18.05;3.5;18.16;3.28;35.56;ESTAVEL
2023-02-09;1675900800000;ASAI3.SA;18.56;18.7;18.33;18.52;18.44;11653900;stock;18.05;2.15;18.17;1.94;33.2;ESTAVEL
2023-02-10;1675987200000;ASAI3.SA;18.44;18.75;18.26;18.63;18.55;6326900;stock;18.06;2.73;18.17;2.52;35.32;ESTAVEL
2023-02-13;1676246400000;ASAI3.SA;18.56;18.79;18.4;18.67;18.59;6817800;stock;18.06;2.92;18.18;2.71;36.12;ESTAVEL
2023-02-14;1676332800000;ASAI3.SA;18.67;18.77;18.35;18.45;18.37;9612400;stock;18.07;1.69;18.18;1.48;33.67;ESTAVEL
2023-02-15;1676419200000;ASAI3.SA;18.45;19.45;18.4;19.22;19.14;12677500;stock;18.08;5.89;18.19;5.66;47.17;ESTAVEL
2023-02-16;1676505600000;ASAI3.SA;19.1;19.22;18.53;19.01;18.93;33990600;stock;18.08;4.67;18.2;4.46;44.51;ESTAVEL
2023-02-17;1676592000000;ASAI3.SA;18.9;19.3;18.66;19.12;19.04;11362300;stock;18.09;5.23;18.21;5.01;46.22;ESTAVEL
2023-02-22;1677024000000;ASAI3.SA;18.99;19.09;18.68;18.83;18.75;5044700;stock;18.1;3.59;18.21;3.38;42.5;ESTAVEL
2023-02-23;1677110400000;ASAI3.SA;18.83;18.93;18.49;18.77;18.69;5103300;stock;18.11;3.22;18.22;3.02;41.75;ESTAVEL
2023-02-24;1677196800000;ASAI3.SA;18.76;18.82;18.47;18.69;18.61;6522200;stock;18.11;2.75;18.22;2.55;40.72;ESTAVEL
2023-02-27;1677456000000;ASAI3.SA;18.75;18.91;18.31;18.39;18.32;7297600;stock;18.11;1.14;18.23;0.9;37.14;ESTAVEL
2023-02-28;1677542400000;ASAI3.SA;18.38;18.46;17.86;18.14;18.07;18187200;stock;18.11;-0.24;18.23;-0.47;34.34;ESTAVEL
2023-03-01;1677628800000;ASAI3.SA;18.14;18.42;17.28;17.64;17.57;19714300;stock;18.11;-2.97;18.22;-3.18;29.54;SUBIR
2023-03-02;1677715200000;ASAI3.SA;17.64;17.84;17.45;17.5;17.43;7002300;stock;18.1;-3.71;18.21;-3.91;28.34;SUBIR
2023-03-03;1677801600000;ASAI3.SA;17.53;17.85;17.33;17.53;17.46;8320600;stock;18.09;-3.51;18.21;-3.71;29.01;SUBIR
2023-03-06;1678060800000;ASAI3.SA;17.66;17.76;17.24;17.65;17.58;5910100;stock;18.09;-2.82;18.2;-3.02;31.73;ESTAVEL
2023-03-07;1678147200000;ASAI3.SA;17.68;17.85;17.46;17.75;17.68;12726400;stock;18.09;-2.24;18.2;-2.45;34.0;ESTAVEL
2023-03-08;1678233600000;ASAI3.SA;17.71;18.14;17.38;18.04;17.97;19181400;stock;18.08;-0.63;18.19;-0.85;40.2;ESTAVEL
2023-03-09;1678320000000;ASAI3.SA;17.99;18.45;17.8;17.87;17.8;10746400;stock;18.08;-1.56;18.19;-1.76;37.95;ESTAVEL
2023-03-10;1678406400000;ASAI3.SA;17.73;17.82;16.69;16.87;16.8;24597700;stock;18.07;-7.02;18.18;-7.19;28.01;SUBIR
2023-03-13;1678665600000;ASAI3.SA;16.75;17.11;16.6;16.69;16.62;7318300;stock;18.05;-7.94;18.16;-8.11;26.65;SUBIR
2023-03-14;1678752000000;ASAI3.SA;16.76;17.0;16.37;16.56;16.49;10544400;stock;18.04;-8.58;18.15;-8.74;25.69;SUBIR
2023-03-15;1678838400000;ASAI3.SA;16.36;17.03;16.17;16.74;16.67;24755700;stock;18.02;-7.52;18.13;-7.68;29.5;SUBIR
2023-03-16;1678924800000;ASAI3.SA;16.61;16.92;16.21;16.25;16.18;11501700;stock;18.01;-10.14;18.11;-10.29;25.64;SUBIR
2023-03-17;1679011200000;ASAI3.SA;15.9;16.2;15.82;15.92;15.86;38654600;stock;17.98;-11.81;18.09;-12.0;23.49;SUBIR
2023-03-20;1679270400000;ASAI3.SA;16.0;16.16;15.87;16.05;15.98;20828100;stock;17.96;-11.05;18.07;-11.19;26.0;SUBIR
2023-03-21;1679356800000;ASAI3.SA;16.0;16.39;15.94;16.13;16.06;48415400;stock;17.95;-10.51;18.05;-10.65;27.71;SUBIR
2023-03-22;1679443200000;ASAI3.SA;15.94;16.05;15.07;15.21;15.15;42950800;stock;17.92;-15.45;18.02;-15.61;21.61;SUBIR
2023-03-23;1679529600000;ASAI3.SA;15.28;15.56;14.77;15.25;15.19;25394300;stock;17.89;-15.09;18.0;-15.26;22.41;SUBIR
2023-03-24;1679616000000;ASAI3.SA;15.28;15.49;14.52;14.95;14.89;32819700;stock;17.86;-16.63;17.97;-16.78;20.69;SUBIR
2023-03-27;1679875200000;ASAI3.SA;15.01;15.26;14.75;15.18;15.12;14200700;stock;17.83;-15.21;17.94;-15.37;25.43;SUBIR
2023-03-28;1679961600000;ASAI3.SA;15.1;15.53;14.93;15.36;15.3;12984500;stock;17.81;-14.08;17.91;-14.25;29.0;SUBIR
2023-03-29;1680048000000;ASAI3.SA;15.38;15.5;14.94;15.43;15.37;19793200;stock;17.78;-13.57;17.89;-13.74;30.4;ESTAVEL
2023-03-30;1680134400000;ASAI3.SA;15.7;16.3;15.36;15.97;15.91;28286400;stock;17.76;-10.44;17.87;-10.62;40.17;ESTAVEL
2023-03-31;1680220800000;ASAI3.SA;16.09;16.17;15.44;15.54;15.48;26076900;stock;17.74;-12.75;17.84;-12.91;35.85;ESTAVEL
2023-04-03;1680480000000;ASAI3.SA;15.5;15.51;14.75;14.77;14.71;17443100;stock;17.71;-16.95;17.81;-17.09;29.7;SUBIR
2023-04-04;1680566400000;ASAI3.SA;14.89;15.1;14.56;14.67;14.61;12462300;stock;17.68;-17.37;17.78;-17.5;29.0;SUBIR
2023-04-05;1680652800000;ASAI3.SA;14.74;14.8;13.35;13.97;13.91;36691200;stock;17.64;-21.16;17.74;-21.27;24.64;SUBIR
2023-04-06;1680739200000;ASAI3.SA;13.82;14.06;13.47;13.63;13.57;26117400;stock;17.6;-22.91;17.7;-23.01;22.85;SUBIR
2023-04-10;1681084800000;ASAI3.SA;13.68;13.96;13.56;13.92;13.86;12159600;stock;17.56;-21.09;17.67;-21.2;27.69;SUBIR
2023-04-11;1681171200000;ASAI3.SA;14.01;14.84;14.0;14.71;14.65;23105700;stock;17.54;-16.45;17.64;-16.59;38.93;ESTAVEL
2023-04-12;1681257600000;ASAI3.SA;14.8;14.99;14.34;14.44;14.38;21392400;stock;17.5;-17.85;17.6;-17.97;36.82;ESTAVEL
2023-04-13;1681344000000;ASAI3.SA;14.6;14.65;13.75;13.75;13.69;20136100;stock;17.47;-21.62;17.56;-21.72;32.05;ESTAVEL
2023-04-14;1681430400000;ASAI3.SA;13.68;13.77;13.05;13.22;13.17;26653800;stock;17.42;-24.41;17.52;-24.55;29.0;SUBIR
2023-04-17;1681689600000;ASAI3.SA;13.22;13.49;13.07;13.27;13.22;14769300;stock;17.38;-23.94;17.48;-24.08;29.69;SUBIR
2023-04-18;1681776000000;ASAI3.SA;13.34;13.42;13.07;13.16;13.11;12417000;stock;17.34;-24.39;17.44;-24.52;29.02;SUBIR
2023-04-19;1681862400000;ASAI3.SA;13.04;13.15;12.72;12.89;12.84;13110300;stock;17.29;-25.75;17.39;-25.88;27.38;SUBIR
2023-04-20;1681948800000;ASAI3.SA;12.91;13.08;12.79;13.0;12.95;12742300;stock;17.25;-24.93;17.35;-25.06;29.14;SUBIR
2023-04-24;1682294400000;ASAI3.SA;13.0;13.35;12.8;12.9;12.85;8287100;stock;17.21;-25.32;17.3;-25.44;28.46;SUBIR
2023-04-25;1682380800000;ASAI3.SA;12.91;12.93;12.22;12.48;12.43;18435400;stock;17.16;-27.56;17.25;-27.67;25.77;SUBIR
2023-04-26;1682467200000;ASAI3.SA;12.45;12.84;12.38;12.59;12.54;19317300;stock;17.11;-26.72;17.21;-26.83;27.7;SUBIR
2023-04-27;1682553600000;ASAI3.SA;12.44;12.6;12.08;12.3;12.25;19434000;stock;17.06;-28.21;17.16;-28.31;25.8;SUBIR
2023-04-28;1682640000000;ASAI3.SA;12.25;12.43;12.08;12.29;12.29;15072900;stock;17.02;-27.77;17.11;-28.17;26.55;SUBIR
2023-05-02;1682985600000;ASAI3.SA;12.24;12.34;11.72;11.84;11.84;17427900;stock;16.96;-30.2;17.06;-30.59;23.65;SUBIR
2023-05-03;1683072000000;ASAI3.SA;11.38;11.65;10.93;11.47;11.47;30544100;stock;16.91;-32.17;17.0;-32.53;21.57;SUBIR
2023-05-04;1683158400000;ASAI3.SA;11.68;11.87;10.98;11.48;11.48;26954400;stock;16.85;-31.89;16.95;-32.25;21.77;SUBIR
2023-05-05;1683244800000;ASAI3.SA;11.19;11.3;10.38;10.5;10.5;52976300;stock;16.79;-37.47;16.88;-37.8;17.15;SUBIR
2023-05-08;1683504000000;ASAI3.SA;10.61;11.34;10.61;11.19;11.19;41086500;stock;16.74;-33.13;16.82;-33.49;28.64;SUBIR
2023-05-09;1683590400000;ASAI3.SA;11.15;11.96;10.93;11.62;11.62;38878100;stock;16.68;-30.35;16.77;-30.72;34.72;ESTAVEL
2023-05-10;1683676800000;ASAI3.SA;11.65;11.87;11.6;11.7;11.7;11154600;stock;16.63;-29.66;16.72;-30.03;35.81;ESTAVEL
2023-05-11;1683763200000;ASAI3.SA;11.63;11.79;11.41;11.68;11.68;14101000;stock;16.58;-29.57;16.67;-29.94;35.65;ESTAVEL
2023-05-12;1683849600000;ASAI3.SA;11.62;11.75;11.43;11.56;11.56;6955200;stock;16.53;-30.09;16.62;-30.45;34.65;ESTAVEL
2023-05-15;1684108800000;ASAI3.SA;11.62;11.77;11.46;11.73;11.73;12238900;stock;16.49;-28.85;16.57;-29.22;37.35;ESTAVEL
2023-05-16;1684195200000;ASAI3.SA;11.76;11.84;11.15;11.15;11.15;9182100;stock;16.43;-32.15;16.52;-32.5;32.42;ESTAVEL
2023-05-17;1684281600000;ASAI3.SA;11.25;11.45;11.05;11.19;11.19;10975200;stock;16.38;-31.69;16.46;-32.03;33.08;ESTAVEL
2023-05-18;1684368000000;ASAI3.SA;11.14;11.31;10.99;11.3;11.3;10867600;stock;16.33;-30.8;16.41;-31.15;34.95;ESTAVEL
2023-05-19;1684454400000;ASAI3.SA;11.37;12.08;11.09;11.82;11.82;25040300;stock;16.28;-27.42;16.37;-27.78;43.04;ESTAVEL
2023-05-22;1684713600000;ASAI3.SA;11.85;12.27;11.73;12.01;12.01;13575900;stock;16.24;-26.06;16.32;-26.42;45.69;ESTAVEL
2023-05-23;1684800000000;ASAI3.SA;12.14;12.27;11.53;11.57;11.57;12722500;stock;16.2;-28.56;16.28;-28.91;40.93;ESTAVEL
2023-05-24;1684886400000;ASAI3.SA;11.38;11.41;11.02;11.21;11.21;30388700;stock;16.15;-30.57;16.23;-30.91;37.49;ESTAVEL
2023-05-25;1684972800000;ASAI3.SA;11.36;11.88;11.35;11.63;11.63;17432300;stock;16.1;-27.77;16.18;-28.12;43.46;ESTAVEL
2023-05-26;1685059200000;ASAI3.SA;11.75;11.75;11.12;11.4;11.4;33081400;stock;16.05;-28.99;16.13;-29.33;41.14;ESTAVEL
2023-05-29;1685318400000;ASAI3.SA;11.34;11.69;11.34;11.52;11.52;13598300;stock;16.01;-28.04;16.09;-28.38;42.86;ESTAVEL
2023-05-30;1685404800000;ASAI3.SA;11.61;11.97;11.07;11.22;11.22;21329600;stock;15.96;-29.7;16.04;-30.04;39.74;ESTAVEL
2023-05-31;1685491200000;ASAI3.SA;11.24;11.24;10.69;10.75;10.75;32506900;stock;15.91;-32.43;15.98;-32.75;35.4;ESTAVEL
2023-06-01;1685577600000;ASAI3.SA;10.85;11.05;10.54;11.01;11.01;22690400;stock;15.86;-30.58;15.93;-30.9;39.35;ESTAVEL
2023-06-02;1685664000000;ASAI3.SA;11.18;11.64;11.18;11.5;11.5;40420800;stock;15.82;-27.29;15.89;-27.63;46.04;ESTAVEL
2023-06-05;1685923200000;ASAI3.SA;11.48;11.59;11.02;11.16;11.16;24462400;stock;15.77;-29.23;15.84;-29.56;42.53;ESTAVEL
2023-06-06;1686009600000;ASAI3.SA;11.26;12.82;11.2;12.8;12.8;56145900;stock;15.74;-18.68;15.81;-19.05;58.82;ESTAVEL
2023-06-07;1686096000000;ASAI3.SA;12.82;13.52;12.48;12.78;12.78;35775900;stock;15.71;-18.65;15.78;-19.02;58.6;ESTAVEL
2023-06-09;1686268800000;ASAI3.SA;13.0;13.49;12.84;12.96;12.96;17765400;stock;15.68;-17.36;15.75;-17.74;60.04;ESTAVEL
2023-06-12;1686528000000;ASAI3.SA;13.21;13.96;13.13;13.72;13.72;31653900;stock;15.66;-12.41;15.73;-12.8;65.49;ESTAVEL
2023-06-13;1686614400000;ASAI3.SA;13.89;14.37;13.15;13.2;13.2;26463400;stock;15.64;-15.59;15.71;-15.97;59.51;ESTAVEL
2023-06-14;1686700800000;ASAI3.SA;13.66;13.88;13.22;13.7;13.7;22892600;stock;15.62;-12.29;15.69;-12.67;63.01;ESTAVEL
2023-06-15;1686787200000;ASAI3.SA;13.7;14.34;13.56;14.1;14.1;25113500;stock;15.6;-9.64;15.67;-10.03;65.57;ESTAVEL
2023-06-16;1686873600000;ASAI3.SA;14.04;14.04;13.35;13.51;13.51;29424500;stock;15.58;-13.31;15.65;-13.68;59.07;ESTAVEL
2023-06-19;1687132800000;ASAI3.SA;13.52;13.55;13.13;13.25;13.25;10091800;stock;15.56;-14.85;15.63;-15.21;56.42;ESTAVEL
2023-06-20;1687219200000;ASAI3.SA;13.18;13.42;13.01;13.33;13.33;13900100;stock;15.54;-14.21;15.6;-14.57;57.06;ESTAVEL
2023-06-21;1687305600000;ASAI3.SA;13.41;13.45;13.11;13.4;13.4;18033300;stock;15.52;-13.64;15.58;-14.0;57.64;ESTAVEL
2023-06-22;1687392000000;ASAI3.SA;13.11;13.56;12.91;13.36;13.36;34919500;stock;15.49;-13.78;15.56;-14.14;57.16;ESTAVEL
2023-06-23;1687478400000;ASAI3.SA;13.38;14.43;13.36;14.3;14.3;205491300;stock;15.48;-7.64;15.55;-8.02;64.61;ESTAVEL
2023-06-26;1687737600000;ASAI3.SA;14.3;14.59;13.78;13.9;13.9;23023000;stock;15.47;-10.13;15.53;-10.5;59.84;ESTAVEL
2023-06-27;1687824000000;ASAI3.SA;14.21;14.3;12.96;13.09;13.09;64278500;stock;15.44;-15.24;15.51;-15.58;51.55;ESTAVEL
2023-06-28;1687910400000;ASAI3.SA;13.15;13.39;12.85;13.07;13.07;61575500;stock;15.42;-15.24;15.48;-15.58;51.36;ESTAVEL
2023-06-29;1687996800000;ASAI3.SA;13.15;13.61;12.98;13.35;13.35;22969900;stock;15.4;-13.31;15.46;-13.65;53.91;ESTAVEL
2023-06-30;1688083200000;ASAI3.SA;13.5;13.91;13.38;13.75;13.75;19641600;stock;15.38;-10.61;15.44;-10.97;57.35;ESTAVEL
2023-07-03;1688342400000;ASAI3.SA;13.89;13.89;13.51;13.62;13.62;9654100;stock;15.37;-11.36;15.43;-11.71;55.89;ESTAVEL
2023-07-04;1688428800000;ASAI3.SA;13.64;13.78;13.4;13.61;13.61;6324500;stock;15.35;-11.32;15.41;-11.67;55.77;ESTAVEL
2023-07-05;1688515200000;ASAI3.SA;13.59;14.03;13.56;13.72;13.72;9442900;stock;15.33;-10.51;15.39;-10.86;56.85;ESTAVEL
2023-07-06;1688601600000;ASAI3.SA;13.65;13.75;13.45;13.59;13.59;10770700;stock;15.31;-11.26;15.37;-11.6;55.14;ESTAVEL
2023-07-07;1688688000000;ASAI3.SA;13.71;14.33;13.55;14.0;14.0;12191300;stock;15.3;-8.5;15.36;-8.85;59.3;ESTAVEL
2023-07-10;1688947200000;ASAI3.SA;13.99;14.14;13.64;13.71;13.71;9043800;stock;15.29;-10.3;15.34;-10.64;55.39;ESTAVEL
2023-07-11;1689033600000;ASAI3.SA;13.71;13.84;13.23;13.43;13.43;11463500;stock;15.27;-12.03;15.32;-12.36;51.84;ESTAVEL
2023-07-12;1689120000000;ASAI3.SA;13.6;13.68;13.24;13.3;13.3;8493800;stock;15.25;-12.77;15.3;-13.09;50.23;ESTAVEL
2023-07-13;1689206400000;ASAI3.SA;13.24;13.45;12.91;13.0;13.0;54160300;stock;15.22;-14.61;15.28;-14.92;46.63;ESTAVEL
2023-07-14;1689292800000;ASAI3.SA;13.01;13.03;12.42;12.57;12.57;15603200;stock;15.2;-17.29;15.25;-17.59;41.98;ESTAVEL
2023-07-17;1689552000000;ASAI3.SA;12.5;12.84;12.36;12.82;12.82;11160300;stock;15.17;-15.51;15.23;-15.82;45.39;ESTAVEL
2023-07-18;1689638400000;ASAI3.SA;12.72;12.94;12.46;12.46;12.46;12798800;stock;15.15;-17.74;15.2;-18.03;41.6;ESTAVEL
2023-07-19;1689724800000;ASAI3.SA;12.47;12.59;12.09;12.14;12.14;18624600;stock;15.12;-19.69;15.17;-19.98;38.52;ESTAVEL
2023-07-20;1689811200000;ASAI3.SA;12.2;12.26;12.03;12.19;12.19;8687500;stock;15.09;-19.21;15.14;-19.49;39.28;ESTAVEL
2023-07-21;1689897600000;ASAI3.SA;12.26;12.55;12.18;12.54;12.54;8594300;stock;15.06;-16.75;15.12;-17.04;44.43;ESTAVEL
2023-07-24;1690156800000;ASAI3.SA;12.58;12.94;12.42;12.78;12.78;10834500;stock;15.04;-15.03;15.09;-15.32;47.71;ESTAVEL
2023-07-25;1690243200000;ASAI3.SA;13.07;13.11;12.58;12.67;12.67;13780600;stock;15.02;-15.62;15.07;-15.91;46.36;ESTAVEL
2023-07-26;1690329600000;ASAI3.SA;12.92;13.16;12.58;12.87;12.87;40141600;stock;14.99;-14.17;15.05;-14.46;49.17;ESTAVEL
2023-07-27;1690416000000;ASAI3.SA;13.55;13.99;13.29;13.5;13.5;67544900;stock;14.98;-9.88;15.03;-10.18;56.85;ESTAVEL
2023-07-28;1690502400000;ASAI3.SA;13.59;13.76;13.09;13.2;13.2;60125300;stock;14.96;-11.78;15.01;-12.07;52.76;ESTAVEL
2023-07-31;1690761600000;ASAI3.SA;13.31;13.6;13.13;13.47;13.47;32856600;stock;14.95;-9.88;15.0;-10.18;55.84;ESTAVEL
2023-08-01;1690848000000;ASAI3.SA;13.41;13.73;13.19;13.65;13.65;23914700;stock;14.93;-8.6;14.98;-8.9;57.81;ESTAVEL
2023-08-02;1690934400000;ASAI3.SA;13.54;13.84;13.3;13.65;13.65;13886100;stock;14.92;-8.52;14.97;-8.82;57.81;ESTAVEL
2023-08-03;1691020800000;ASAI3.SA;13.92;14.27;13.74;13.8;13.8;22850500;stock;14.91;-7.45;14.96;-7.74;59.56;ESTAVEL
2023-08-04;1691107200000;ASAI3.SA;13.8;14.08;13.43;13.69;13.69;25269600;stock;14.9;-8.11;14.95;-8.4;57.67;ESTAVEL
2023-08-07;1691366400000;ASAI3.SA;14.02;14.3;13.81;13.87;13.87;31957200;stock;14.89;-6.84;14.93;-7.13;59.91;ESTAVEL
2023-08-08;1691452800000;ASAI3.SA;13.77;14.19;13.47;14.12;14.12;19992600;stock;14.88;-5.11;14.93;-5.41;62.85;ESTAVEL
2023-08-09;1691539200000;ASAI3.SA;14.12;14.18;13.67;13.78;13.78;16701400;stock;14.87;-7.33;14.92;-7.61;56.76;ESTAVEL
2023-08-10;1691625600000;ASAI3.SA;13.95;14.13;13.75;13.8;13.8;9746800;stock;14.86;-7.12;14.9;-7.41;57.02;ESTAVEL
2023-08-11;1691712000000;ASAI3.SA;13.81;14.05;13.36;13.5;13.5;15622100;stock;14.85;-9.06;14.89;-9.34;51.91;ESTAVEL
2023-08-14;1691971200000;ASAI3.SA;13.44;13.53;13.07;13.15;13.15;20429600;stock;14.83;-11.32;14.87;-11.58;46.65;ESTAVEL
2023-08-15;1692057600000;ASAI3.SA;13.19;13.28;12.97;13.11;13.11;15018500;stock;14.81;-11.48;14.86;-11.75;46.07;ESTAVEL
2023-08-16;1692144000000;ASAI3.SA;13.15;13.3;13.0;13.0;13.0;12171100;stock;14.79;-12.12;14.84;-12.38;44.45;ESTAVEL
2023-08-17;1692230400000;ASAI3.SA;13.08;13.22;12.85;13.01;13.01;17965700;stock;14.78;-11.95;14.82;-12.21;44.64;ESTAVEL
2023-08-18;1692316800000;ASAI3.SA;13.06;13.44;13.01;13.43;13.43;10136600;stock;14.76;-9.02;14.8;-9.29;52.08;ESTAVEL
2023-08-21;1692576000000;ASAI3.SA;13.45;13.49;13.09;13.09;13.09;19861900;stock;14.75;-11.22;14.79;-11.48;46.62;ESTAVEL
2023-08-22;1692662400000;ASAI3.SA;13.25;13.27;12.8;12.97;12.97;10646800;stock;14.73;-11.93;14.77;-12.18;44.83;ESTAVEL
2023-08-23;1692748800000;ASAI3.SA;12.97;13.07;12.72;13.06;13.06;19525000;stock;14.71;-11.22;14.75;-11.47;46.49;ESTAVEL
2023-08-24;1692835200000;ASAI3.SA;12.99;13.1;12.84;12.84;12.84;13118400;stock;14.69;-12.61;14.73;-12.85;43.08;ESTAVEL
2023-08-25;1692921600000;ASAI3.SA;12.8;12.9;12.32;12.37;12.37;23324500;stock;14.67;-15.67;14.71;-15.91;36.87;ESTAVEL
2023-08-28;1693180800000;ASAI3.SA;12.41;12.44;12.0;12.15;12.15;17568500;stock;14.64;-17.03;14.68;-17.26;34.37;ESTAVEL
2023-08-29;1693267200000;ASAI3.SA;12.2;12.3;11.84;11.95;11.95;14627700;stock;14.62;-18.25;14.66;-18.47;32.23;ESTAVEL
2023-08-30;1693353600000;ASAI3.SA;11.94;12.03;11.8;11.81;11.81;12755700;stock;14.59;-19.05;14.63;-19.27;30.79;ESTAVEL
2023-08-31;1693440000000;ASAI3.SA;11.69;12.0;11.49;11.61;11.61;34934900;stock;14.56;-20.26;14.6;-20.47;28.8;SUBIR
2023-09-01;1693526400000;ASAI3.SA;11.7;12.06;11.66;11.86;11.86;20778900;stock;14.53;-18.39;14.57;-18.61;34.49;ESTAVEL
2023-09-04;1693785600000;ASAI3.SA;11.86;12.35;11.85;12.25;12.25;7669300;stock;14.51;-15.57;14.55;-15.8;42.24;ESTAVEL
2023-09-05;1693872000000;ASAI3.SA;12.28;12.99;12.21;12.77;12.77;29255200;stock;14.49;-11.88;14.53;-12.12;50.63;ESTAVEL
2023-09-06;1693958400000;ASAI3.SA;12.83;12.88;12.44;12.5;12.5;26369500;stock;14.47;-13.63;14.51;-13.85;46.83;ESTAVEL
2023-09-08;1694131200000;ASAI3.SA;12.51;12.6;12.22;12.23;12.23;8009900;stock;14.45;-15.36;14.49;-15.58;43.32;ESTAVEL
2023-09-11;1694390400000;ASAI3.SA;12.25;12.38;12.07;12.22;12.22;12088600;stock;14.43;-15.3;14.46;-15.52;43.19;ESTAVEL
2023-09-12;1694476800000;ASAI3.SA;12.23;12.97;12.23;12.87;12.87;14965900;stock;14.41;-10.7;14.45;-10.93;52.99;ESTAVEL
2023-09-13;1694563200000;ASAI3.SA;12.91;13.18;12.84;12.84;12.84;13367800;stock;14.4;-10.81;14.43;-11.04;52.54;ESTAVEL
2023-09-14;1694649600000;ASAI3.SA;12.87;13.04;12.27;12.62;12.62;24212200;stock;14.38;-12.23;14.41;-12.45;49.23;ESTAVEL
2023-09-15;1694736000000;ASAI3.SA;12.62;12.66;12.26;12.42;12.42;12780600;stock;14.36;-13.51;14.39;-13.72;46.38;ESTAVEL
2023-09-18;1694995200000;ASAI3.SA;12.39;12.5;12.2;12.26;12.26;10083800;stock;14.34;-14.5;14.37;-14.71;44.17;ESTAVEL
2023-09-19;1695081600000;ASAI3.SA;12.21;12.33;11.93;12.06;12.06;9202900;stock;14.32;-15.76;14.35;-15.96;41.51;ESTAVEL
2023-09-20;1695168000000;ASAI3.SA;12.1;12.23;11.82;12.14;12.14;16179800;stock;14.29;-15.07;14.33;-15.27;42.99;ESTAVEL
2023-09-21;1695254400000;ASAI3.SA;11.89;12.07;11.7;11.79;11.79;16782800;stock;14.27;-17.37;14.3;-17.57;38.42;ESTAVEL
2023-09-22;1695340800000;ASAI3.SA;11.81;11.85;11.44;11.46;11.46;10808900;stock;14.24;-19.53;14.27;-19.72;34.67;ESTAVEL
2023-09-25;1695600000000;ASAI3.SA;11.39;11.39;11.18;11.39;11.39;6587600;stock;14.21;-19.86;14.25;-20.05;33.91;ESTAVEL
2023-09-26;1695686400000;ASAI3.SA;11.27;11.54;11.25;11.29;11.29;10375300;stock;14.18;-20.4;14.22;-20.59;32.81;ESTAVEL
2023-09-27;1695772800000;ASAI3.SA;11.4;11.76;11.37;11.58;11.58;22429300;stock;14.16;-18.21;14.19;-18.4;38.99;ESTAVEL
2023-09-28;1695859200000;ASAI3.SA;11.54;12.23;11.54;12.2;12.2;18101800;stock;14.14;-13.71;14.17;-13.91;49.66;ESTAVEL
2023-09-29;1695945600000;ASAI3.SA;12.32;12.63;12.1;12.16;12.16;16724100;stock;14.12;-13.87;14.15;-14.07;49.06;ESTAVEL
2023-10-02;1696204800000;ASAI3.SA;12.2;12.22;11.98;12.0;12.0;7262700;stock;14.1;-14.88;14.13;-15.07;46.65;ESTAVEL
2023-10-03;1696291200000;ASAI3.SA;11.85;12.05;11.42;11.49;11.49;18442400;stock;14.07;-18.34;14.1;-18.53;39.92;ESTAVEL
2023-10-04;1696377600000;ASAI3.SA;11.53;11.82;11.5;11.63;11.63;10408400;stock;14.05;-17.21;14.08;-17.39;42.38;ESTAVEL
2023-10-05;1696464000000;ASAI3.SA;11.61;11.8;11.47;11.63;11.63;7593000;stock;14.02;-17.06;14.05;-17.25;42.38;ESTAVEL
2023-10-06;1696550400000;ASAI3.SA;11.37;11.89;11.05;11.75;11.75;19863000;stock;14.0;-16.07;14.03;-16.26;44.63;ESTAVEL
2023-10-09;1696809600000;ASAI3.SA;11.59;11.76;11.1;11.56;11.56;14534100;stock;13.98;-17.29;14.01;-17.47;41.84;ESTAVEL
2023-10-10;1696896000000;ASAI3.SA;11.61;12.11;11.59;12.11;12.11;12462900;stock;13.96;-13.24;13.99;-13.42;51.32;ESTAVEL
2023-10-11;1696982400000;ASAI3.SA;12.15;12.4;12.08;12.17;12.17;11967500;stock;13.94;-12.69;13.97;-12.88;52.24;ESTAVEL
2023-10-13;1697155200000;ASAI3.SA;12.16;12.17;11.57;11.62;11.62;9170200;stock;13.92;-16.5;13.95;-16.68;44.06;ESTAVEL
2023-10-16;1697414400000;ASAI3.SA;11.72;11.9;11.5;11.77;11.77;7162600;stock;13.9;-15.29;13.92;-15.47;46.52;ESTAVEL
2023-10-17;1697500800000;ASAI3.SA;11.7;12.05;11.53;11.57;11.57;9846900;stock;13.87;-16.59;13.9;-16.77;43.76;ESTAVEL
2023-10-18;1697587200000;ASAI3.SA;11.52;11.52;10.78;10.82;10.82;15312800;stock;13.84;-21.83;13.87;-21.99;35.3;ESTAVEL
2023-10-19;1697673600000;ASAI3.SA;10.75;11.26;10.72;10.99;10.99;8209500;stock;13.81;-20.44;13.84;-20.6;38.21;ESTAVEL
2023-10-20;1697760000000;ASAI3.SA;10.92;11.09;10.88;11.08;11.08;9727700;stock;13.79;-19.63;13.81;-19.79;39.76;ESTAVEL
2023-10-23;1698019200000;ASAI3.SA;10.92;11.68;10.92;11.52;11.52;7677200;stock;13.76;-16.3;13.79;-16.47;46.78;ESTAVEL
2023-10-24;1698105600000;ASAI3.SA;11.68;11.78;11.23;11.38;11.38;8428700;stock;13.74;-17.17;13.77;-17.34;44.99;ESTAVEL
2023-10-25;1698192000000;ASAI3.SA;11.38;11.45;10.94;11.03;11.03;7670100;stock;13.71;-19.56;13.74;-19.72;40.77;ESTAVEL
2023-10-26;1698278400000;ASAI3.SA;11.11;11.94;11.1;11.7;11.7;21852600;stock;13.69;-14.55;13.72;-14.72;50.36;ESTAVEL
2023-10-27;1698364800000;ASAI3.SA;11.7;11.82;11.09;11.13;11.13;13292000;stock;13.67;-18.56;13.69;-18.72;43.85;ESTAVEL
2023-10-30;1698624000000;ASAI3.SA;11.3;11.45;10.87;10.96;10.96;14902100;stock;13.64;-19.65;13.67;-19.8;42.11;ESTAVEL
2023-10-31;1698710400000;ASAI3.SA;11.12;11.49;10.86;10.94;10.94;15178600;stock;13.61;-19.64;13.64;-19.79;41.9;ESTAVEL
2023-11-01;1698796800000;ASAI3.SA;11.0;11.19;10.68;11.08;11.08;19375400;stock;13.59;-18.46;13.61;-18.61;44.02;ESTAVEL
2023-11-03;1698969600000;ASAI3.SA;11.61;11.98;11.6;11.94;11.94;16636800;stock;13.57;-12.02;13.6;-12.19;54.9;ESTAVEL
2023-11-06;1699228800000;ASAI3.SA;12.02;12.15;11.72;11.75;11.75;11056500;stock;13.55;-13.31;13.58;-13.47;52.47;ESTAVEL
2023-11-07;1699315200000;ASAI3.SA;11.76;12.29;11.68;12.2;12.2;17227000;stock;13.54;-9.9;13.56;-10.06;57.29;ESTAVEL
2023-11-08;1699401600000;ASAI3.SA;12.21;12.7;12.06;12.32;12.32;13850200;stock;13.53;-8.93;13.55;-9.09;58.49;ESTAVEL
2023-11-09;1699488000000;ASAI3.SA;12.33;12.89;12.15;12.5;12.5;17537900;stock;13.52;-7.53;13.54;-7.69;60.31;ESTAVEL
2023-11-10;1699574400000;ASAI3.SA;12.58;13.07;12.5;12.61;12.61;17847100;stock;13.51;-6.65;13.53;-6.82;61.42;ESTAVEL
2023-11-13;1699833600000;ASAI3.SA;12.52;12.82;12.46;12.54;12.54;9434300;stock;13.5;-7.1;13.52;-7.27;60.26;ESTAVEL
2023-11-14;1699920000000;ASAI3.SA;12.63;12.9;12.5;12.55;12.55;21179500;stock;13.49;-6.96;13.51;-7.13;60.38;ESTAVEL
2023-11-16;1700092800000;ASAI3.SA;12.8;13.55;12.55;13.34;13.34;22426900;stock;13.49;-1.1;13.51;-1.27;68.18;ESTAVEL
2023-11-17;1700179200000;ASAI3.SA;13.44;13.45;13.04;13.11;13.11;13810400;stock;13.48;-2.77;13.51;-2.94;64.21;ESTAVEL
2023-11-20;1700438400000;ASAI3.SA;13.11;13.22;12.82;12.89;12.89;9104100;stock;13.48;-4.36;13.5;-4.53;60.59;ESTAVEL
2023-11-21;1700524800000;ASAI3.SA;12.84;12.88;12.61;12.78;12.78;9484000;stock;13.47;-5.13;13.49;-5.29;58.8;ESTAVEL
2023-11-22;1700611200000;ASAI3.SA;12.88;13.13;12.79;12.97;12.97;10478000;stock;13.47;-3.68;13.49;-3.85;60.94;ESTAVEL
2023-11-23;1700697600000;ASAI3.SA;13.04;13.72;13.03;13.6;13.6;8829200;stock;13.47;0.98;13.49;0.82;67.07;ESTAVEL
2023-11-24;1700784000000;ASAI3.SA;13.62;13.66;13.07;13.15;13.15;7056600;stock;13.46;-2.33;13.49;-2.5;59.85;ESTAVEL
2023-11-27;1701043200000;ASAI3.SA;13.25;13.68;13.13;13.49;13.49;9995900;stock;13.46;0.19;13.49;0.03;63.08;ESTAVEL
2023-11-28;1701129600000;ASAI3.SA;13.56;13.91;13.4;13.52;13.52;17069200;stock;13.47;0.41;13.49;0.25;63.36;ESTAVEL
2023-11-29;1701216000000;ASAI3.SA;13.65;13.88;13.13;13.17;13.17;13863800;stock;13.46;-2.17;13.48;-2.33;57.84;ESTAVEL
2023-11-30;1701302400000;ASAI3.SA;13.28;13.32;12.52;12.93;12.93;21247900;stock;13.46;-3.92;13.48;-4.07;54.35;ESTAVEL
2023-12-01;1701388800000;ASAI3.SA;12.92;13.04;12.52;12.91;12.91;20043200;stock;13.45;-4.03;13.47;-4.18;54.05;ESTAVEL
2023-12-04;1701648000000;ASAI3.SA;12.93;13.12;12.68;12.68;12.68;9929700;stock;13.44;-5.68;13.46;-5.83;50.67;ESTAVEL
2023-12-05;1701734400000;ASAI3.SA;12.73;13.06;12.62;12.7;12.7;12428700;stock;13.44;-5.48;13.46;-5.63;50.96;ESTAVEL
2023-12-06;1701820800000;ASAI3.SA;12.83;13.03;12.22;12.25;12.25;16842800;stock;13.42;-8.75;13.45;-8.89;44.65;ESTAVEL
2023-12-07;1701907200000;ASAI3.SA;12.25;12.55;12.11;12.19;12.19;20915900;stock;13.41;-9.11;13.43;-9.25;43.87;ESTAVEL
2023-12-08;1701993600000;ASAI3.SA;12.23;12.35;11.95;11.98;11.98;16929900;stock;13.4;-10.58;13.42;-10.72;41.16;ESTAVEL
2023-12-11;1702252800000;ASAI3.SA;12.0;12.02;11.77;11.91;11.91;10547700;stock;13.38;-11.01;13.4;-11.14;40.27;ESTAVEL
2023-12-12;1702339200000;ASAI3.SA;11.91;12.37;11.91;12.07;12.07;12668100;stock;13.37;-9.72;13.39;-9.86;43.29;ESTAVEL
2023-12-13;1702425600000;ASAI3.SA;11.99;13.0;11.92;12.94;12.94;24349900;stock;13.37;-3.19;13.39;-3.33;56.27;ESTAVEL
2023-12-14;1702512000000;ASAI3.SA;13.03;13.84;13.02;13.36;13.36;27002600;stock;13.37;-0.04;13.39;-0.19;60.92;ESTAVEL
2023-12-15;1702598400000;ASAI3.SA;13.35;13.35;12.66;12.87;12.87;13438600;stock;13.36;-3.67;13.38;-3.81;53.74;ESTAVEL
2023-12-18;1702857600000;ASAI3.SA;12.95;13.39;12.74;13.21;13.21;9094600;stock;13.36;-1.12;13.38;-1.26;57.49;ESTAVEL
2023-12-19;1702944000000;ASAI3.SA;13.4;13.47;13.28;13.4;13.4;5248800;stock;13.36;0.3;13.38;0.16;59.46;ESTAVEL
2023-12-20;1703030400000;ASAI3.SA;13.36;13.65;13.29;13.36;13.36;7030200;stock;13.36;0.0;13.38;-0.14;58.84;ESTAVEL
2023-12-21;1703116800000;ASAI3.SA;13.55;13.55;13.16;13.24;13.24;7705900;stock;13.36;-0.89;13.38;-1.02;56.92;ESTAVEL
2023-12-22;1703203200000;ASAI3.SA;13.24;13.6;13.22;13.41;13.41;4433600;stock;13.36;0.38;13.38;0.25;58.96;ESTAVEL
2023-12-26;1703548800000;ASAI3.SA;13.38;13.43;13.26;13.37;13.37;3684000;stock;13.36;0.08;13.38;-0.05;58.26;ESTAVEL
2023-12-27;1703635200000;ASAI3.SA;13.42;13.51;13.26;13.48;13.48;5485700;stock;13.36;0.9;13.38;0.76;59.68;ESTAVEL
2023-12-28;1703721600000;ASAI3.SA;13.5;13.58;13.41;13.53;13.53;4446900;stock;13.36;1.26;13.38;1.12;60.34;ESTAVEL
2024-01-02;1704153600000;ASAI3.SA;13.45;13.45;12.9;13.02;13.02;7348700;stock;13.36;-2.53;13.38;-2.66;51.16;ESTAVEL
2024-01-03;1704240000000;ASAI3.SA;13.03;13.12;12.71;12.94;12.94;6830500;stock;13.35;-3.1;13.37;-3.23;49.88;ESTAVEL
2024-01-04;1704326400000;ASAI3.SA;12.9;13.33;12.84;13.21;13.21;8604100;stock;13.35;-1.07;13.37;-1.2;54.06;ESTAVEL
2024-01-05;1704412800000;ASAI3.SA;13.21;14.05;13.15;13.58;13.58;12696400;stock;13.36;1.68;13.37;1.55;59.1;ESTAVEL
2024-01-08;1704672000000;ASAI3.SA;13.57;14.17;13.51;14.17;14.17;17538900;stock;13.36;6.04;13.38;5.9;65.58;ESTAVEL
2024-01-09;1704758400000;ASAI3.SA;14.16;14.3;13.78;13.94;13.94;9819500;stock;13.37;4.27;13.39;4.14;61.49;ESTAVEL
2024-01-10;1704844800000;ASAI3.SA;14.0;14.0;13.46;13.58;13.58;19324800;stock;13.37;1.56;13.39;1.44;55.64;ESTAVEL
2024-01-11;1704931200000;ASAI3.SA;13.63;14.15;13.63;13.87;13.87;14967000;stock;13.38;3.69;13.39;3.57;59.02;ESTAVEL
2024-01-12;1705017600000;ASAI3.SA;14.09;14.58;13.98;14.25;14.25;17148700;stock;13.38;6.46;13.4;6.34;63.0;ESTAVEL
2024-01-15;1705276800000;ASAI3.SA;14.24;14.79;14.14;14.7;14.7;8029800;stock;13.4;9.72;13.41;9.59;67.08;ESTAVEL
2024-01-16;1705363200000;ASAI3.SA;14.76;14.76;14.38;14.48;14.48;11210600;stock;13.41;7.99;13.42;7.86;63.4;ESTAVEL
2024-01-17;1705449600000;ASAI3.SA;14.49;14.74;13.72;14.09;14.09;14787300;stock;13.42;5.03;13.43;4.9;57.39;ESTAVEL
2024-01-18;1705536000000;ASAI3.SA;14.15;14.3;13.67;13.79;13.79;8302800;stock;13.42;2.76;13.43;2.64;53.21;ESTAVEL
2024-01-19;1705622400000;ASAI3.SA;13.82;14.3;13.63;14.3;14.3;5326200;stock;13.43;6.49;13.44;6.37;58.72;ESTAVEL
2024-01-22;1705881600000;ASAI3.SA;14.31;14.38;13.6;13.61;13.61;6914100;stock;13.43;1.34;13.45;1.23;50.13;ESTAVEL
2024-01-23;1705968000000;ASAI3.SA;13.67;13.91;13.6;13.64;13.64;9537600;stock;13.43;1.55;13.45;1.44;50.47;ESTAVEL
2024-01-24;1706054400000;ASAI3.SA;13.7;13.86;13.35;13.35;13.35;9089400;stock;13.43;-0.6;13.45;-0.71;47.13;ESTAVEL
2024-01-25;1706140800000;ASAI3.SA;13.35;14.04;13.35;14.0;14.0;8608700;stock;13.44;4.19;13.45;4.08;54.41;ESTAVEL
2024-01-26;1706227200000;ASAI3.SA;14.0;14.0;13.63;13.8;13.8;5774000;stock;13.44;2.68;13.46;2.56;52.03;ESTAVEL
2024-01-29;1706486400000;ASAI3.SA;13.71;14.48;13.71;14.46;14.46;11897100;stock;13.45;7.5;13.47;7.39;58.47;ESTAVEL
2024-01-30;1706572800000;ASAI3.SA;14.4;14.6;14.05;14.05;14.05;9048500;stock;13.46;4.41;13.47;4.3;53.65;ESTAVEL
2024-01-31;1706659200000;ASAI3.SA;14.08;14.24;13.66;13.66;13.66;20239700;stock;13.46;1.5;13.47;1.39;49.48;ESTAVEL
2024-02-01;1706745600000;ASAI3.SA;13.61;13.88;13.46;13.58;13.58;12981400;stock;13.46;0.89;13.47;0.79;48.64;ESTAVEL
2024-02-02;1706832000000;ASAI3.SA;13.53;13.71;13.26;13.52;13.52;9537000;stock;13.46;0.44;13.47;0.34;47.99;ESTAVEL
2024-02-05;1707091200000;ASAI3.SA;13.52;13.64;13.31;13.42;13.42;5345100;stock;13.46;-0.3;13.47;-0.4;46.85;ESTAVEL
2024-02-06;1707177600000;ASAI3.SA;13.47;13.88;13.38;13.79;13.79;13604000;stock;13.46;2.43;13.48;2.32;51.42;ESTAVEL
2024-02-07;1707264000000;ASAI3.SA;13.79;13.98;13.55;13.81;13.81;10806100;stock;13.47;2.55;13.48;2.45;51.66;ESTAVEL
2024-02-08;1707350400000;ASAI3.SA;13.8;14.04;13.65;13.83;13.83;12424500;stock;13.47;2.67;13.48;2.57;51.92;ESTAVEL
2024-02-09;1707436800000;ASAI3.SA;13.83;13.83;13.32;13.35;13.35;18553100;stock;13.47;-0.88;13.48;-0.98;45.63;ESTAVEL
2024-02-14;1707868800000;ASAI3.SA;13.26;13.36;13.08;13.16;13.16;7875600;stock;13.47;-2.27;13.48;-2.37;43.39;ESTAVEL
2024-02-15;1707955200000;ASAI3.SA;13.21;13.6;13.06;13.39;13.39;6962800;stock;13.47;-0.56;13.48;-0.65;46.8;ESTAVEL
2024-02-16;1708041600000;ASAI3.SA;13.47;13.73;13.25;13.6;13.6;4964600;stock;13.47;0.99;13.48;0.89;49.77;ESTAVEL
2024-02-19;1708300800000;ASAI3.SA;13.59;13.67;13.28;13.54;13.54;6978200;stock;13.47;0.54;13.48;0.44;48.93;ESTAVEL
2024-02-20;1708387200000;ASAI3.SA;13.46;14.14;13.44;13.99;13.99;16895700;stock;13.47;3.84;13.49;3.74;55.06;ESTAVEL
2024-02-21;1708473600000;ASAI3.SA;13.99;14.42;13.82;14.32;14.32;10477600;stock;13.48;6.22;13.49;6.13;58.95;ESTAVEL
2024-02-22;1708560000000;ASAI3.SA;14.4;15.08;14.4;14.83;14.83;21828500;stock;13.49;9.9;13.51;9.8;64.13;ESTAVEL
2024-02-23;1708646400000;ASAI3.SA;14.92;14.92;14.43;14.72;14.72;7821200;stock;13.51;8.98;13.52;8.89;62.3;ESTAVEL
2024-02-26;1708905600000;ASAI3.SA;14.78;14.9;14.58;14.61;14.61;6009200;stock;13.52;8.08;13.53;7.98;60.45;ESTAVEL
