open_time;ticker;open;high;low;close;adj_close;volume;ema_200p;ema_200p_diff;rsi;previsao
1688486400000;IGTI11.SA;22.42;22.46;22.36;22.42;22.42;223500;22.297949;0.54736495;48.26210957092917;ESTAVEL
1688490000000;IGTI11.SA;22.42;22.45;22.23;22.24;22.24;344400;22.297283;-0.2569065;43.10540196373392;ESTAVEL
1688493600000;IGTI11.SA;22.25;22.32;22.14;22.31;22.31;445400;22.297428;0.056382596;45.5422911977593;ESTAVEL
1688497200000;IGTI11.SA;22.32;22.39;22.28;22.36;22.36;451100;22.298145;0.27739844;47.27930213841551;ESTAVEL
1688562000000;IGTI11.SA;22.26;22.3;21.96;22.22;22.22;0;22.29725;-0.3464586;43.130955992347616;ESTAVEL
1688565600000;IGTI11.SA;22.24;23.2;22.21;23.16;23.16;1183300;22.307104;3.8234272;65.20572671655387;ESTAVEL
1688569200000;IGTI11.SA;23.16;23.18;22.76;22.76;22.76;412800;22.31227;2.0066574;55.35835616481021;ESTAVEL
1688572800000;IGTI11.SA;22.77;22.8;22.65;22.76;22.76;433700;22.317368;1.9833542;55.35835616481022;ESTAVEL
1688576400000;IGTI11.SA;22.76;22.83;22.61;22.79;22.79;503000;22.32274;2.0931993;55.93716823030511;ESTAVEL
1688580000000;IGTI11.SA;22.78;22.83;22.68;22.7;22.7;649900;22.327024;1.6705116;53.68820567315833;ESTAVEL
1688583600000;IGTI11.SA;22.7;22.75;22.56;22.59;22.59;383000;22.330008;1.1643187;50.98984322767696;ESTAVEL
1688648400000;IGTI11.SA;22.46;22.54;22.24;22.39;22.39;0;22.330687;0.265614;46.4214633022818;ESTAVEL
1688652000000;IGTI11.SA;22.39;22.49;22.21;22.22;22.22;534600;22.329435;-0.49009457;42.90287433842496;ESTAVEL
1688655600000;IGTI11.SA;22.21;22.37;22.21;22.3;22.3;437800;22.329102;-0.1303302;45.014999696666095;ESTAVEL
1688659200000;IGTI11.SA;22.3;22.33;22.14;22.15;22.15;752400;22.327082;-0.79312503;41.886303223341855;ESTAVEL
1688662800000;IGTI11.SA;22.15;22.27;22.15;22.25;22.25;356300;22.326214;-0.3413648;44.64834483634508;ESTAVEL
1688666400000;IGTI11.SA;22.26;22.37;22.21;22.22;22.22;515000;22.32502;-0.47041318;43.973125320846265;ESTAVEL
1688670000000;IGTI11.SA;22.23;22.34;22.19;22.29;22.29;638100;22.324627;-0.1551064;46.02428510995383;ESTAVEL
1688734800000;IGTI11.SA;22.51;22.55;22.21;22.33;22.33;0;22.324686;0.02380302;47.21353283307448;ESTAVEL
1688738400000;IGTI11.SA;22.34;22.58;22.32;22.52;22.52;642000;22.326876;0.8649858;52.56033186484217;ESTAVEL
1688742000000;IGTI11.SA;22.52;22.55;22.34;22.4;22.4;419200;22.327694;0.32384026;49.17261652716949;ESTAVEL
1688745600000;IGTI11.SA;22.4;22.5;22.31;22.47;22.47;447100;22.329283;0.6301915;51.1505425028751;ESTAVEL
1688749200000;IGTI11.SA;22.48;22.55;22.43;22.55;22.55;503900;22.331747;0.9773214;53.38324545039422;ESTAVEL
1688752800000;IGTI11.SA;22.55;22.76;22.54;22.76;22.76;572300;22.336521;1.8959033;58.717254673141376;ESTAVEL
1688756400000;IGTI11.SA;22.75;22.76;22.51;22.58;22.58;568100;22.339233;1.0777746;53.10794848905676;ESTAVEL
1688994000000;IGTI11.SA;22.52;22.52;22.18;22.46;22.46;0;22.340576;0.5345602;49.69926413295239;ESTAVEL
1688997600000;IGTI11.SA;22.42;22.52;22.29;22.38;22.38;329400;22.341015;0.1745003;47.50996359363317;ESTAVEL
1689001200000;IGTI11.SA;22.37;22.51;22.22;22.48;22.48;266600;22.342556;0.61516684;50.44834576048021;ESTAVEL
1689004800000;IGTI11.SA;22.47;22.48;22.24;22.25;22.25;172400;22.341532;-0.40969327;44.30510302480365;ESTAVEL
1689008400000;IGTI11.SA;22.25;22.37;22.22;22.35;22.35;171400;22.341625;0.037485126;47.30938610379531;ESTAVEL
1689012000000;IGTI11.SA;22.34;22.4;22.28;22.37;22.37;242600;22.341938;0.12560228;47.914527322538206;ESTAVEL
1689015600000;IGTI11.SA;22.35;22.4;22.32;22.34;22.34;214300;22.341917;-0.008580455;47.04179057339447;ESTAVEL
1689080400000;IGTI11.SA;22.25;22.27;21.71;21.95;21.95;0;22.337593;-1.7351605;37.48342988397686;ESTAVEL
1689084000000;IGTI11.SA;21.95;22.12;21.84;22.08;22.08;676800;22.334753;-1.1406127;41.73337081137369;ESTAVEL
1689087600000;IGTI11.SA;22.09;22.29;22.0;22.21;22.21;427800;22.33338;-0.5524455;45.708099405579176;ESTAVEL
1689091200000;IGTI11.SA;22.21;22.43;22.18;22.35;22.35;428700;22.333563;0.07359842;49.688478214083695;ESTAVEL
1689094800000;IGTI11.SA;22.34;22.46;22.31;22.37;22.37;545500;22.333963;0.16135338;50.24961973905574;ESTAVEL
1689098400000;IGTI11.SA;22.37;22.45;22.32;22.41;22.41;429100;22.334797;0.33670822;51.41671553647642;ESTAVEL
1689102000000;IGTI11.SA;22.41;22.45;22.2;22.3;22.3;497600;22.334415;-0.1540915;48.076601906737736;ESTAVEL
1689166800000;IGTI11.SA;22.3;22.5;22.14;22.4;22.4;0;22.335135;0.2904191;51.18140582629945;ESTAVEL
1689170400000;IGTI11.SA;22.41;22.52;22.34;22.4;22.4;413100;22.335844;0.2872332;51.18140582629946;ESTAVEL
1689174000000;IGTI11.SA;22.39;22.4;22.21;22.36;22.36;257100;22.336107;0.106969155;49.79997372793767;ESTAVEL
1689177600000;IGTI11.SA;22.36;22.45;22.29;22.31;22.31;870400;22.335823;-0.11561275;48.053984994422926;ESTAVEL
1689181200000;IGTI11.SA;22.31;22.4;22.19;22.29;22.29;260000;22.335323;-0.20292222;47.3390338135941;ESTAVEL
1689184800000;IGTI11.SA;22.29;22.35;22.19;22.26;22.26;398200;22.334501;-0.3335703;46.22799812690772;ESTAVEL
1689188400000;IGTI11.SA;22.26;22.28;22.09;22.13;22.13;852900;22.332275;-0.9057536;41.66465438862343;ESTAVEL
1689253200000;IGTI11.SA;22.16;22.35;22.04;22.26;22.26;0;22.331488;-0.32012042;47.27021182342677;ESTAVEL
1689256800000;IGTI11.SA;22.25;22.3;22.19;22.23;22.23;114000;22.330385;-0.44954535;46.167688592225176;ESTAVEL
1689260400000;IGTI11.SA;22.23;22.24;22.16;22.2;22.2;70200;22.32897;-0.5775903;45.03646315845469;ESTAVEL
1689264000000;IGTI11.SA;22.2;22.23;22.11;22.13;22.13;317600;22.32681;-0.8815;42.42437431838764;ESTAVEL
1689267600000;IGTI11.SA;22.12;22.16;22.05;22.06;22.06;174600;22.32392;-1.1822265;39.930291714179646;ESTAVEL
1689271200000;IGTI11.SA;22.08;22.19;22.04;22.09;22.09;312800;22.321384;-1.0366043;41.517127482356514;ESTAVEL
1689274800000;IGTI11.SA;22.09;22.13;22.0;22.07;22.07;584800;22.318665;-1.1141552;40.744380004563325;ESTAVEL
1689339600000;IGTI11.SA;22.02;22.02;21.46;21.62;21.62;0;22.311111;-3.097611;28.080187499713237;SUBIR
1689343200000;IGTI11.SA;21.6;21.73;21.58;21.73;21.73;400600;22.304834;-2.577174;33.519788408118615;ESTAVEL
1689346800000;IGTI11.SA;21.73;21.73;21.54;21.56;21.56;743000;22.296795;-3.304488;29.7720585777346;SUBIR
1689350400000;IGTI11.SA;21.56;21.65;21.37;21.45;21.45;644300;22.287663;-3.7584136;27.620160709115453;SUBIR
1689354000000;IGTI11.SA;21.45;21.58;21.41;21.49;21.49;371200;22.279068;-3.541746;29.61248670873286;SUBIR
1689357600000;IGTI11.SA;21.49;21.49;21.29;21.4;21.4;566200;22.269604;-3.904891;27.76090209206568;SUBIR
1689361200000;IGTI11.SA;21.39;21.47;21.31;21.39;21.39;596100;22.260141;-3.908966;27.55474077090264;SUBIR
1689598800000;IGTI11.SA;21.26;21.37;21.0;21.16;21.16;0;22.248318;-4.8916855;23.2736816690184;SUBIR
1689602400000;IGTI11.SA;21.16;21.24;21.03;21.15;21.15;512200;22.23652;-4.8861995;23.10559668024885;SUBIR
1689606000000;IGTI11.SA;21.14;21.25;21.13;21.18;21.18;302200;22.225183;-4.702699;24.85886161893704;SUBIR
1689609600000;IGTI11.SA;21.17;21.24;21.16;21.21;21.21;306800;22.214298;-4.520954;26.659722033317024;SUBIR
1689613200000;IGTI11.SA;21.21;21.44;21.2;21.32;21.32;370100;22.204716;-3.9843597;33.00033209197247;ESTAVEL
1689616800000;IGTI11.SA;21.34;21.4;21.29;21.38;21.38;365100;22.195885;-3.6758378;36.238435451962;ESTAVEL
1689620400000;IGTI11.SA;21.37;21.44;21.27;21.39;21.39;426000;22.187263;-3.5933385;36.78678735242752;ESTAVEL
1689685200000;IGTI11.SA;21.38;21.55;21.29;21.48;21.48;0;22.179703;-3.1546986;41.65046703566143;ESTAVEL
1689688800000;IGTI11.SA;21.48;21.55;21.41;21.53;21.53;364100;22.172762;-2.8988807;44.21826753485119;ESTAVEL
1689692400000;IGTI11.SA;21.55;21.57;21.42;21.53;21.53;163300;22.165901;-2.8688262;44.21826753485119;ESTAVEL
1689696000000;IGTI11.SA;21.53;21.54;21.3;21.3;21.3;460300;22.156664;-3.8663938;35.8108012975424;ESTAVEL
1689699600000;IGTI11.SA;21.32;21.43;21.22;21.38;21.38;570300;22.148384;-3.4692557;40.07849237582013;ESTAVEL
1689703200000;IGTI11.SA;21.39;21.45;21.36;21.4;21.4;289700;22.140413;-3.344171;41.132231931125546;ESTAVEL
1689706800000;IGTI11.SA;21.4;21.44;21.32;21.44;21.44;394100;22.132957;-3.1308851;43.28054361336142;ESTAVEL
1689771600000;IGTI11.SA;21.43;21.48;21.07;21.43;21.43;0;22.12548;-3.143347;42.8594381408062;ESTAVEL
1689775200000;IGTI11.SA;21.42;21.5;21.38;21.46;21.46;320300;22.118406;-2.9767349;44.600872237398775;ESTAVEL
1689778800000;IGTI11.SA;21.46;21.46;21.15;21.15;21.15;294100;22.10812;-4.333792;33.305440377979295;ESTAVEL
1689782400000;IGTI11.SA;21.15;21.32;21.13;21.22;21.22;188100;22.098692;-3.976217;37.174592723458325;ESTAVEL
1689786000000;IGTI11.SA;21.23;21.31;21.21;21.28;21.28;205100;22.090006;-3.6668432;40.36791889724728;ESTAVEL
1689789600000;IGTI11.SA;21.28;21.44;21.26;21.37;21.37;328400;22.082373;-3.2259789;44.892656380554726;ESTAVEL
1689793200000;IGTI11.SA;21.38;21.39;21.25;21.29;21.29;362600;22.073978;-3.5515954;41.85268883756442;ESTAVEL
1689858000000;IGTI11.SA;21.24;21.43;21.15;21.29;21.29;0;22.065678;-3.5153131;41.85268883756444;ESTAVEL
1689861600000;IGTI11.SA;21.29;21.37;21.11;21.21;21.21;558500;22.056623;-3.8384092;38.80512965522845;ESTAVEL
1689865200000;IGTI11.SA;21.21;21.29;21.13;21.16;21.16;482100;22.047144;-4.0238495;36.99210969848921;ESTAVEL
1689868800000;IGTI11.SA;21.16;21.17;20.94;21.09;21.09;399600;22.03703;-4.2974453;34.55781873387089;ESTAVEL
1689872400000;IGTI11.SA;21.09;21.23;20.97;21.23;21.23;406100;22.028505;-3.624873;42.681827789258136;ESTAVEL
1689876000000;IGTI11.SA;21.24;21.33;21.11;21.32;21.32;380000;22.021027;-3.183442;47.218077891023135;ESTAVEL
1689879600000;IGTI11.SA;21.31;21.42;21.27;21.3;21.3;247500;22.013422;-3.2408502;46.3403971294492;ESTAVEL
1689944400000;IGTI11.SA;21.47;22.07;21.47;21.98;21.98;0;22.01307;-0.15022509;68.07116127666355;ESTAVEL
1689948000000;IGTI11.SA;21.97;21.99;21.78;21.78;21.78;593100;22.010614;-1.0477418;60.33220317662085;ESTAVEL
1689951600000;IGTI11.SA;21.79;21.82;21.64;21.69;21.69;1072200;22.007238;-1.4415184;57.1817434960843;ESTAVEL
1689955200000;IGTI11.SA;21.69;21.75;21.6;21.71;21.71;1017600;22.00411;-1.3366154;57.710227996063786;ESTAVEL
1689958800000;IGTI11.SA;21.7;21.79;21.64;21.73;21.73;334700;22.001226;-1.2327787;58.26496702150638;ESTAVEL
1689962400000;IGTI11.SA;21.74;21.79;21.6;21.61;21.61;335800;21.997114;-1.7598407;53.71232733596159;ESTAVEL
1689966000000;IGTI11.SA;21.62;21.69;21.55;21.69;21.69;719100;21.993889;-1.3816968;56.17105386597964;ESTAVEL
1690203600000;IGTI11.SA;21.55;21.97;21.55;21.64;21.64;0;21.990171;-1.5923997;54.23210634171003;ESTAVEL
1690207200000;IGTI11.SA;21.63;22.05;21.62;22.02;22.02;176000;21.990486;0.13421193;64.31413608032263;ESTAVEL
1690210800000;IGTI11.SA;22.02;22.09;21.96;21.98;21.98;136400;21.990376;-0.04718209;62.74723098844661;ESTAVEL
1690214400000;IGTI11.SA;21.99;22.01;21.8;21.86;21.86;163400;21.989008;-0.5866929;58.16864732457093;ESTAVEL
1690218000000;IGTI11.SA;21.85;21.88;21.74;21.78;21.78;100300;21.986818;-0.9406468;55.27301657022657;ESTAVEL
1690221600000;IGTI11.SA;21.78;21.97;21.76;21.91;21.91;242000;21.986015;-0.34574395;58.85716873421304;ESTAVEL
1690225200000;IGTI11.SA;21.91;21.93;21.81;21.88;21.88;188800;21.984905;-0.47716942;57.70791791552232;ESTAVEL
1690290000000;IGTI11.SA;22.33;22.72;22.11;22.63;22.63;0;21.991653;2.9026766;72.28025871607326;CAIR
1690293600000;IGTI11.SA;22.62;22.64;22.24;22.26;22.26;336100;21.99446;1.2073079;61.095978886262586;ESTAVEL
1690297200000;IGTI11.SA;22.27;22.32;22.16;22.2;22.2;217000;21.996607;0.92465705;59.48846296195218;ESTAVEL
1690300800000;IGTI11.SA;22.21;22.24;22.11;22.2;22.2;283600;21.998732;0.91490906;59.48846296195218;ESTAVEL
1690304400000;IGTI11.SA;22.2;22.22;22.03;22.06;22.06;436300;21.99937;0.27559617;55.53433785240073;ESTAVEL
1690308000000;IGTI11.SA;22.06;22.12;22.02;22.1;22.1;293100;22.000422;0.45262077;56.42552006548311;ESTAVEL
1690311600000;IGTI11.SA;22.11;22.24;22.04;22.13;22.13;363400;22.001772;0.58280796;57.1196582424413;ESTAVEL
1690376400000;IGTI11.SA;21.88;22.21;21.88;22.12;22.12;0;22.003004;0.5317271;56.79488044165119;ESTAVEL
1690380000000;IGTI11.SA;22.1;22.28;22.08;22.14;22.14;467200;22.004433;0.61609095;57.31759464542955;ESTAVEL
1690383600000;IGTI11.SA;22.14;22.17;21.99;22.07;22.07;334700;22.005116;0.29486093;54.81780502918604;ESTAVEL
1690387200000;IGTI11.SA;22.09;22.21;21.99;22.16;22.16;256200;22.006727;0.69648147;57.390850836253605;ESTAVEL
1690390800000;IGTI11.SA;22.16;22.16;21.96;22.05;22.05;435400;22.007177;0.19458492;53.38894907120012;ESTAVEL
1690394400000;IGTI11.SA;22.08;22.3;22.05;22.23;22.23;493500;22.009495;1.0018641;58.48980479111127;ESTAVEL
1690398000000;IGTI11.SA;22.24;22.29;22.03;22.16;22.16;822500;22.011059;0.6766653;55.92660296701895;ESTAVEL
1690462800000;IGTI11.SA;22.18;22.22;21.89;21.98;21.98;0;22.010736;-0.13964306;49.87407712298868;ESTAVEL
1690466400000;IGTI11.SA;21.97;22.02;21.84;21.88;21.88;377400;22.009378;-0.5878332;46.8411764709382;ESTAVEL
1690470000000;IGTI11.SA;21.88;22.14;21.8;22.11;22.11;485900;22.010424;0.45240536;53.800027624047424;ESTAVEL
1690473600000;IGTI11.SA;22.13;22.14;21.97;22.06;22.06;266000;22.010939;0.22289534;52.20024284142213;ESTAVEL
1690477200000;IGTI11.SA;22.06;22.14;21.94;22.12;22.12;292600;22.01207;0.49032328;53.96910664810071;ESTAVEL
1690480800000;IGTI11.SA;22.12;22.12;21.79;21.84;21.84;596100;22.010284;-0.77365845;45.50601612432423;ESTAVEL
1690484400000;IGTI11.SA;21.85;21.93;21.78;21.92;21.92;1008400;22.00935;-0.40596303;48.014341906676826;ESTAVEL
1690549200000;IGTI11.SA;22.15;22.37;21.99;22.14;22.14;0;22.010704;0.5874231;54.25077796293501;ESTAVEL
1690552800000;IGTI11.SA;22.15;22.48;22.14;22.41;22.41;948500;22.014837;1.7949836;60.5118099498922;ESTAVEL
1690556400000;IGTI11.SA;22.42;22.48;22.01;22.18;22.18;977100;22.016548;0.7424045;53.76207130392412;ESTAVEL
1690560000000;IGTI11.SA;22.18;22.27;22.1;22.15;22.15;399000;22.01793;0.59983355;52.932700078518415;ESTAVEL
1690563600000;IGTI11.SA;22.15;22.19;21.78;21.94;21.94;1051100;22.017122;-0.35028315;47.41826129412595;ESTAVEL
1690567200000;IGTI11.SA;21.94;21.98;21.84;21.96;21.96;692200;22.016533;-0.25677475;47.9741550538244;ESTAVEL
1690570800000;IGTI11.SA;21.97;22.12;21.84;21.96;21.96;1037200;22.015947;-0.2541219;47.97415505382441;ESTAVEL
1690808400000;IGTI11.SA;22.26;22.32;22.05;22.16;22.16;0;22.017437;0.6475005;53.65635383332255;ESTAVEL
1690812000000;IGTI11.SA;22.16;22.29;21.97;22.11;22.11;769300;22.018393;0.4160496;52.12365497585136;ESTAVEL
1690815600000;IGTI11.SA;22.11;22.16;21.92;22.01;22.01;554400;22.018305;-0.037717823;49.10262479824688;ESTAVEL
1690819200000;IGTI11.SA;22.01;22.03;21.73;21.74;21.74;456900;22.015434;-1.2510962;42.02097041655963;ESTAVEL
1690822800000;IGTI11.SA;21.73;21.88;21.68;21.79;21.79;726400;22.013107;-1.0135202;43.64194766318606;ESTAVEL
1690826400000;IGTI11.SA;21.8;21.84;21.66;21.75;21.75;607700;22.010395;-1.1830549;42.61547363202488;ESTAVEL
1690830000000;IGTI11.SA;21.75;21.88;21.7;21.87;21.87;660600;22.008947;-0.6313222;46.66810234909066;ESTAVEL
1690894800000;IGTI11.SA;21.77;22.09;21.56;22.08;22.08;0;22.00968;0.31949672;52.9325835266871;ESTAVEL
1690898400000;IGTI11.SA;22.08;22.3;22.05;22.29;22.29;832100;22.012568;1.2603368;58.21792184644056;ESTAVEL
1690902000000;IGTI11.SA;22.29;22.36;22.17;22.34;22.34;1654600;22.01594;1.4719348;59.38728615905713;ESTAVEL
1690905600000;IGTI11.SA;22.33;22.34;22.03;22.05;22.05;477400;22.016289;0.15311955;50.55043790095764;ESTAVEL
1690909200000;IGTI11.SA;22.05;22.24;22.05;22.15;22.15;608000;22.017666;0.6010362;53.13981104236856;ESTAVEL
1690912800000;IGTI11.SA;22.15;22.26;22.12;22.23;22.23;407800;22.01985;0.9543672;55.16258532072514;ESTAVEL
1690916400000;IGTI11.SA;22.23;22.55;22.22;22.5;22.5;899000;22.024788;2.157624;61.24322754221645;ESTAVEL
1690981200000;IGTI11.SA;22.43;22.63;22.32;22.48;22.48;0;22.029467;2.0451398;60.58776969349608;ESTAVEL
1690984800000;IGTI11.SA;22.48;22.51;22.28;22.35;22.35;414100;22.03276;1.4398531;56.365028462016;ESTAVEL
1690988400000;IGTI11.SA;22.35;22.51;22.34;22.44;22.44;219600;22.036943;1.8290039;58.5204271720201;ESTAVEL
1690992000000;IGTI11.SA;22.44;22.45;22.28;22.38;22.38;529600;22.040468;1.5404927;56.51614494149632;ESTAVEL
1690995600000;IGTI11.SA;22.38;22.47;22.36;22.47;22.47;489800;22.044878;1.9284389;58.79579840789708;ESTAVEL
1690999200000;IGTI11.SA;22.47;22.57;22.47;22.51;22.51;418000;22.04965;2.0877874;59.80440413787506;ESTAVEL
1691002800000;IGTI11.SA;22.52;22.61;22.42;22.48;22.48;378500;22.054066;1.9313188;58.64494235525166;ESTAVEL
1691067600000;IGTI11.SA;22.63;23.28;22.63;22.75;22.75;0;22.061205;3.1222007;65.18671528563641;ESTAVEL
1691071200000;IGTI11.SA;22.74;22.97;22.69;22.78;22.78;483800;22.068575;3.223702;65.8334265632348;ESTAVEL
1691074800000;IGTI11.SA;22.78;22.87;22.73;22.77;22.77;529400;22.075766;3.1447806;65.39732380089282;ESTAVEL
1691078400000;IGTI11.SA;22.77;22.78;22.63;22.73;22.73;381200;22.08247;2.9323263;63.582946102830434;ESTAVEL
1691082000000;IGTI11.SA;22.73;22.76;22.61;22.71;22.71;502100;22.088898;2.8118303;62.64705977401587;ESTAVEL
1691085600000;IGTI11.SA;22.71;22.77;22.63;22.72;22.72;507000;22.095362;2.8270109;62.94077970785681;ESTAVEL
1691089200000;IGTI11.SA;22.72;22.73;22.52;22.54;22.54;824200;22.099915;1.9913446;54.615784477171765;ESTAVEL
1691154000000;IGTI11.SA;22.6;22.7;22.51;22.52;22.52;0;22.104214;1.8810272;53.764857007546325;ESTAVEL
1691157600000;IGTI11.SA;22.53;22.67;22.49;22.63;22.63;592800;22.109594;2.3537548;57.6710956160475;ESTAVEL
1691161200000;IGTI11.SA;22.62;22.62;22.47;22.61;22.61;230600;22.114714;2.2396235;56.732580876114575;ESTAVEL
1691164800000;IGTI11.SA;22.6;22.67;22.57;22.6;22.6;190000;22.119677;2.1714756;56.23976906019785;ESTAVEL
1691168400000;IGTI11.SA;22.6;22.63;22.52;22.62;22.62;264600;22.12479;2.2382576;57.043466305388456;ESTAVEL
1691172000000;IGTI11.SA;22.62;22.63;22.36;22.4;22.4;406600;22.127604;1.2310256;46.85042512015408;ESTAVEL
1691175600000;IGTI11.SA;22.41;22.45;22.28;22.28;22.28;439300;22.129162;0.6816262;42.39994919746975;ESTAVEL
1691413200000;IGTI11.SA;22.41;22.48;22.18;22.26;22.26;0;22.130499;0.5851703;41.689146034213046;ESTAVEL
1691416800000;IGTI11.SA;22.24;22.34;22.08;22.11;22.11;953500;22.13029;-0.09168013;36.71747111085028;ESTAVEL
1691420400000;IGTI11.SA;22.1;22.22;22.1;22.2;22.2;278000;22.131;0.3117775;41.24499283148214;ESTAVEL
1691424000000;IGTI11.SA;22.2;22.26;22.2;22.24;22.24;125300;22.132113;0.4874704;43.19035712748379;ESTAVEL
1691427600000;IGTI11.SA;22.24;22.25;22.2;22.24;22.24;229500;22.133215;0.48246515;43.19035712748379;ESTAVEL
1691431200000;IGTI11.SA;22.23;22.32;22.23;22.25;22.25;247400;22.134405;0.52224064;43.730536759982144;ESTAVEL
1691434800000;IGTI11.SA;22.26;22.26;22.12;22.14;22.14;818500;22.134462;0.025018197;39.30339360824208;ESTAVEL
1691499600000;IGTI11.SA;22.05;22.11;21.7;22.03;22.03;0;22.133398;-0.46715853;35.439613379189595;ESTAVEL
1691503200000;IGTI11.SA;22.03;22.25;22.02;22.2;22.2;363200;22.134077;0.29783455;44.51740214160367;ESTAVEL
1691506800000;IGTI11.SA;22.21;22.29;22.13;22.27;22.27;271100;22.135462;0.6077948;47.77379096011787;ESTAVEL
1691510400000;IGTI11.SA;22.28;22.34;22.21;22.28;22.28;185300;22.136934;0.6462761;48.24115008676981;ESTAVEL
1691514000000;IGTI11.SA;22.28;22.41;22.24;22.35;22.35;402800;22.139105;0.9525912;51.51213125729044;ESTAVEL
1691517600000;IGTI11.SA;22.34;22.35;22.04;22.13;22.13;460800;22.139013;-0.04071225;42.43537290489834;ESTAVEL
1691521200000;IGTI11.SA;22.12;22.14;21.99;22.04;22.04;363300;22.138004;-0.4426971;39.378450663802;ESTAVEL
1691586000000;IGTI11.SA;21.96;22.13;21.89;22.1;22.1;230200;22.137617;-0.16992395;42.35955462068686;ESTAVEL
1691589600000;IGTI11.SA;22.1;22.2;22.02;22.18;22.18;331700;22.138048;0.18950102;46.16117774165408;ESTAVEL
1691593200000;IGTI11.SA;22.16;22.21;21.95;21.99;21.99;226900;22.136541;-0.66198856;39.49821349754452;ESTAVEL
1691596800000;IGTI11.SA;21.99;22.13;21.98;22.13;22.13;101400;22.136477;-0.029257216;45.71581703059223;ESTAVEL
1691600400000;IGTI11.SA;22.11;22.18;22.11;22.15;22.15;97700;22.136614;0.060470648;46.56071086854599;ESTAVEL
1691604000000;IGTI11.SA;22.15;22.16;21.98;22.01;22.01;209900;22.135326;-0.5661827;41.67137984187406;ESTAVEL
1691607600000;IGTI11.SA;22.01;22.13;21.98;22.13;22.13;316800;22.135271;-0.023813002;46.82567969739128;ESTAVEL
1691672400000;IGTI11.SA;22.19;22.4;22.03;22.28;22.28;0;22.136744;0.6471433;52.478588810123256;ESTAVEL
1691676000000;IGTI11.SA;22.28;22.31;22.1;22.19;22.19;192200;22.137283;0.23813525;49.10543930769896;ESTAVEL
1691679600000;IGTI11.SA;22.2;22.26;22.12;22.22;22.22;177800;22.138124;0.36983952;50.25327923811256;ESTAVEL
1691683200000;IGTI11.SA;22.21;22.26;22.14;22.18;22.18;94500;22.13855;0.18723086;48.67691552388421;ESTAVEL
1691686800000;IGTI11.SA;22.18;22.3;22.13;22.26;22.26;164500;22.139784;0.542987;51.924990745388754;ESTAVEL
1691690400000;IGTI11.SA;22.27;22.35;22.19;22.2;22.2;410100;22.140394;0.26921737;49.39985378093721;ESTAVEL
1691694000000;IGTI11.SA;22.2;22.39;22.17;22.26;22.26;449600;22.14161;0.5346983;51.9179712107458;ESTAVEL
1691758800000;IGTI11.SA;22.27;22.39;22.16;22.24;22.24;0;22.142607;0.43984553;51.006767587145234;ESTAVEL
1691762400000;IGTI11.SA;22.25;22.29;22.17;22.2;22.2;237200;22.14319;0.2565557;49.1488528087412;ESTAVEL
1691766000000;IGTI11.SA;22.21;22.26;22.11;22.11;22.11;221900;22.142853;-0.14836743;45.162774699319336;ESTAVEL
1691769600000;IGTI11.SA;22.11;22.2;22.07;22.09;22.09;317600;22.142317;-0.23627527;44.30289694340063;ESTAVEL
1691773200000;IGTI11.SA;22.07;22.15;21.97;22.0;22.0;486500;22.140873;-0.63625747;40.56044678147615;ESTAVEL
1691776800000;IGTI11.SA;22.0;22.14;21.98;22.13;22.13;515900;22.140762;-0.048608664;47.46391222485611;ESTAVEL
1691780400000;IGTI11.SA;22.13;22.25;22.09;22.23;22.23;389800;22.141668;0.3989387;52.07491943752237;ESTAVEL
1692018000000;IGTI11.SA;22.39;22.39;21.96;22.11;22.11;0;22.141346;-0.14157215;46.7700814120227;ESTAVEL
1692021600000;IGTI11.SA;22.11;22.11;21.93;21.96;21.96;357000;22.13951;-0.8108093;41.1298680414539;ESTAVEL
1692025200000;IGTI11.SA;21.96;21.96;21.87;21.93;21.93;331700;22.137386;-0.93681484;40.088598977691575;ESTAVEL
1692028800000;IGTI11.SA;21.93;22.04;21.91;21.95;21.95;422700;22.135489;-0.8379689;41.1581110227939;ESTAVEL
1692032400000;IGTI11.SA;21.95;21.98;21.87;21.94;21.94;461800;22.133509;-0.87427926;40.76625036829162;ESTAVEL
1692036000000;IGTI11.SA;21.94;22.04;21.89;21.9;21.9;568700;22.131144;-1.0444267;39.16017641295709;ESTAVEL
1692039600000;IGTI11.SA;21.91;21.94;21.84;21.9;21.9;533500;22.128803;-1.0339613;39.16017641295709;ESTAVEL
1692104400000;IGTI11.SA;21.89;22.11;21.79;21.97;21.97;236100;22.127195;-0.71041703;43.66473777839134;ESTAVEL
1692108000000;IGTI11.SA;21.96;21.97;21.62;21.63;21.63;386900;22.122164;-2.2247543;31.47496970336414;ESTAVEL
1692111600000;IGTI11.SA;21.64;21.7;21.56;21.57;21.57;521400;22.116575;-2.4713376;29.88921463989364;SUBIR
1692115200000;IGTI11.SA;21.58;21.63;21.45;21.55;21.55;497600;22.110844;-2.5365095;29.35825146586268;SUBIR
1692118800000;IGTI11.SA;21.54;21.65;21.54;21.64;21.64;334700;22.10608;-2.1083753;34.957673017482364;ESTAVEL
1692122400000;IGTI11.SA;21.64;21.66;21.53;21.55;21.55;443700;22.100456;-2.4907007;32.20829682664127;ESTAVEL
1692126000000;IGTI11.SA;21.56;21.57;21.46;21.52;21.52;884200;22.094585;-2.6005712;31.32393221490109;ESTAVEL
1692190800000;IGTI11.SA;21.67;21.7;21.46;21.52;21.52;327700;22.088776;-2.5749533;31.32393221490108;ESTAVEL
1692194400000;IGTI11.SA;21.53;21.68;21.5;21.59;21.59;357200;22.083733;-2.23573;36.07387244569665;ESTAVEL
1692198000000;IGTI11.SA;21.59;21.63;21.52;21.55;21.55;369900;22.078339;-2.393018;34.601153297512724;ESTAVEL
1692201600000;IGTI11.SA;21.56;21.59;21.36;21.41;21.41;506500;22.071583;-2.9974415;29.98680758879276;SUBIR
1692205200000;IGTI11.SA;21.42;21.43;21.31;21.35;21.35;374600;22.064293;-3.2373252;28.248137167591977;SUBIR
1692208800000;IGTI11.SA;21.36;21.47;21.25;21.28;21.28;659400;22.056368;-3.5199263;26.330042384855773;SUBIR
1692212400000;IGTI11.SA;21.29;21.32;20.96;21.12;21.12;991900;22.04691;-4.20426;22.559406870506947;SUBIR
1692277200000;IGTI11.SA;21.14;21.22;20.95;20.99;20.99;0;22.036234;-4.747789;20.047357432828196;SUBIR
1692280800000;IGTI11.SA;20.99;21.04;20.79;20.8;20.8;460200;22.02375;-5.556503;17.057732325073843;SUBIR
1692284400000;IGTI11.SA;20.8;20.86;20.69;20.76;20.76;472300;22.01099;-5.68348;16.499864828381718;SUBIR
1692288000000;IGTI11.SA;20.75;20.81;20.64;20.8;20.8;1032400;21.998764;-5.4492335;19.340718067906323;SUBIR
1692291600000;IGTI11.SA;20.8;20.88;20.77;20.88;20.88;846400;21.98747;-5.036826;24.847758172166166;SUBIR
1692295200000;IGTI11.SA;20.87;20.88;20.74;20.8;20.8;694800;21.975487;-5.349082;23.145902631176867;SUBIR
1692298800000;IGTI11.SA;20.8;20.82;20.75;20.78;20.78;837900;21.963423;-5.3881526;22.72682077344551;SUBIR
1692363600000;IGTI11.SA;20.65;20.98;20.63;20.81;20.81;0;21.951784;-5.2013273;24.9227043059023;SUBIR
1692367200000;IGTI11.SA;20.83;21.0;20.78;20.9;20.9;476100;21.941174;-4.7452955;31.23588629758549;ESTAVEL
1692370800000;IGTI11.SA;20.89;21.03;20.85;20.88;20.88;457400;21.93047;-4.79;30.61969895318839;ESTAVEL
1692374400000;IGTI11.SA;20.89;20.98;20.86;20.95;20.95;945000;21.92058;-4.427711;35.42145327737943;ESTAVEL
1692378000000;IGTI11.SA;20.95;21.06;20.87;20.92;20.92;686200;21.91049;-4.5206203;34.32501940041401;ESTAVEL
1692381600000;IGTI11.SA;20.92;20.93;20.76;20.84;20.84;584000;21.899696;-4.8388634;31.5228465934086;ESTAVEL
1692385200000;IGTI11.SA;20.85;21.06;20.82;21.03;21.03;614300;21.890928;-3.9328084;43.35117392963385;ESTAVEL
1692622800000;IGTI11.SA;20.8;21.03;20.71;20.81;20.81;0;21.880032;-4.890448;35.66844404640395;ESTAVEL
1692626400000;IGTI11.SA;20.82;20.9;20.67;20.83;20.83;592800;21.869448;-4.7529674;36.765579483583984;ESTAVEL
1692630000000;IGTI11.SA;20.83;20.9;20.77;20.81;20.81;306200;21.858772;-4.797947;36.10251115925861;ESTAVEL
1692633600000;IGTI11.SA;20.82;20.85;20.71;20.78;20.78;215100;21.847902;-4.887894;35.08049326505041;ESTAVEL
1692637200000;IGTI11.SA;20.78;20.83;20.72;20.78;20.78;473500;21.837143;-4.8410316;35.08049326505041;ESTAVEL
1692640800000;IGTI11.SA;20.79;20.9;20.77;20.84;20.84;752000;21.827097;-4.5223465;39.08063879730195;ESTAVEL
1692644400000;IGTI11.SA;20.84;20.92;20.77;20.87;20.87;821600;21.817457;-4.3426566;41.03693808342586;ESTAVEL
1692709200000;IGTI11.SA;21.0;21.16;20.85;21.09;21.09;0;21.81013;-3.3018107;52.96537966445632;ESTAVEL
1692712800000;IGTI11.SA;21.09;21.2;21.07;21.17;21.17;123500;21.803684;-2.9063172;56.41810314268717;ESTAVEL
1692716400000;IGTI11.SA;21.17;21.18;21.0;21.06;21.06;273800;21.796196;-3.3776352;50.886694112948575;ESTAVEL
1692720000000;IGTI11.SA;21.05;21.13;20.96;21.02;21.02;194400;21.788382;-3.5265656;49.005164179565774;ESTAVEL
1692723600000;IGTI11.SA;21.01;21.02;20.89;20.9;20.9;161400;21.779438;-4.037928;43.77582112198533;ESTAVEL
1692727200000;IGTI11.SA;20.92;21.13;20.9;21.09;21.09;283200;21.7725;-3.134684;52.43117362419539;ESTAVEL
1692730800000;IGTI11.SA;21.09;21.4;21.09;21.23;21.23;254800;21.767038;-2.467209;57.60949868471528;ESTAVEL
1692795600000;IGTI11.SA;21.11;21.24;21.0;21.19;21.19;0;21.761232;-2.6250002;55.74239208844602;ESTAVEL
1692799200000;IGTI11.SA;21.19;21.35;21.17;21.24;21.24;348600;21.755987;-2.371702;57.592562553023086;ESTAVEL
1692802800000;IGTI11.SA;21.25;21.32;21.22;21.26;21.26;157100;21.750998;-2.2573564;58.34273181954577;ESTAVEL
1692806400000;IGTI11.SA;21.27;21.35;21.22;21.28;21.28;209700;21.74626;-2.1440914;59.12148007006902;ESTAVEL
1692810000000;IGTI11.SA;21.28;21.37;21.28;21.37;21.37;401500;21.742474;-1.7131151;62.51722621889673;ESTAVEL
1692813600000;IGTI11.SA;21.37;21.4;21.29;21.38;21.38;662300;21.738829;-1.6506348;62.88613451092111;ESTAVEL
1692817200000;IGTI11.SA;21.38;21.48;21.37;21.43;21.43;722800;21.735723;-1.4065485;64.75402296181659;ESTAVEL
1692882000000;IGTI11.SA;21.24;21.38;21.08;21.32;21.32;0;21.731543;-1.8937569;57.85534887031725;ESTAVEL
1692885600000;IGTI11.SA;21.33;21.34;21.23;21.28;21.28;167500;21.727003;-2.057362;55.53825774065648;ESTAVEL
1692889200000;IGTI11.SA;21.28;21.29;21.12;21.22;21.22;302100;21.721905;-2.3105927;52.1635024697429;ESTAVEL
1692892800000;IGTI11.SA;21.21;21.31;21.19;21.24;21.24;205300;21.717062;-2.196715;53.18468047754087;ESTAVEL
1692896400000;IGTI11.SA;21.24;21.35;21.24;21.32;21.32;338700;21.71307;-1.8102918;57.12715634763223;ESTAVEL
1692900000000;IGTI11.SA;21.31;21.38;21.29;21.35;21.35;302200;21.709421;-1.6556;58.53727244751993;ESTAVEL
1692903600000;IGTI11.SA;21.36;21.42;21.3;21.3;21.3;417900;21.705307;-1.8673176;55.27418748941694;ESTAVEL
1692968400000;IGTI11.SA;21.45;21.63;21.25;21.27;21.27;0;21.700933;-1.9857831;53.352483581495946;ESTAVEL
1692972000000;IGTI11.SA;21.28;21.33;21.0;21.04;21.04;520400;21.694292;-3.015964;41.45335715471526;ESTAVEL
1692975600000;IGTI11.SA;21.0;21.01;20.86;20.88;20.88;277200;21.686111;-3.7171783;35.518715276656096;ESTAVEL
1692979200000;IGTI11.SA;20.87;20.97;20.87;20.95;20.95;120700;21.678717;-3.3614383;39.59329391619726;ESTAVEL
1692982800000;IGTI11.SA;20.94;20.99;20.89;20.91;20.91;240400;21.670996;-3.5115862;38.111290148111856;ESTAVEL
1692986400000;IGTI11.SA;20.9;20.96;20.84;20.95;20.95;602600;21.663755;-3.2946985;40.50935559040693;ESTAVEL
1692990000000;IGTI11.SA;20.95;20.98;20.88;20.9;20.9;728400;21.656084;-3.491324;38.50110680853233;ESTAVEL
1693227600000;IGTI11.SA;20.96;20.97;20.81;20.92;20.92;0;21.648693;-3.365991;39.7869774494393;ESTAVEL
1693231200000;IGTI11.SA;20.91;21.0;20.83;20.87;20.87;167200;21.640875;-3.5621243;37.666609631665146;ESTAVEL
1693234800000;IGTI11.SA;20.87;21.01;20.87;20.98;20.98;233800;21.63424;-3.0240915;44.65469791128672;ESTAVEL
1693238400000;IGTI11.SA;20.98;21.05;20.95;21.01;21.01;107300;21.627974;-2.8572884;46.4189557663307;ESTAVEL
1693242000000;IGTI11.SA;21.01;21.1;21.0;21.03;21.03;206300;21.621971;-2.7378223;47.61778838891744;ESTAVEL
1693245600000;IGTI11.SA;21.04;21.2;21.03;21.2;21.2;162400;21.617735;-1.9323714;56.52242670420447;ESTAVEL
1693249200000;IGTI11.SA;21.19;21.27;21.15;21.25;21.25;261800;21.614044;-1.6842947;58.74382862113276;ESTAVEL
1693314000000;IGTI11.SA;21.19;21.39;21.06;21.17;21.17;0;21.609589;-2.0342295;53.99064061129646;ESTAVEL
1693317600000;IGTI11.SA;21.18;21.45;21.17;21.37;21.37;258000;21.607183;-1.0977064;62.220674704904056;ESTAVEL
1693321200000;IGTI11.SA;21.38;21.42;21.28;21.32;21.32;358200;21.604303;-1.3159571;59.36184974454012;ESTAVEL
1693324800000;IGTI11.SA;21.33;21.36;21.23;21.27;21.27;205100;21.600948;-1.5321009;56.56305904903839;ESTAVEL
1693328400000;IGTI11.SA;21.28;21.37;21.27;21.3;21.3;203400;21.597929;-1.3794332;57.847236333423766;ESTAVEL
1693332000000;IGTI11.SA;21.31;21.36;21.26;21.35;21.35;211500;21.595442;-1.1365446;59.97131458241802;ESTAVEL
1693335600000;IGTI11.SA;21.35;21.49;21.33;21.4;21.4;313600;21.593483;-0.8960248;62.0317082187063;ESTAVEL
1693400400000;IGTI11.SA;21.45;21.53;21.27;21.28;21.28;0;21.590338;-1.4373919;54.74814038215237;ESTAVEL
1693404000000;IGTI11.SA;21.27;21.31;21.16;21.19;21.19;138900;21.586323;-1.8359903;50.005759779460185;ESTAVEL
1693407600000;IGTI11.SA;21.19;21.24;21.16;21.16;21.16;77200;21.582048;-1.955553;48.4977234138912;ESTAVEL
1693411200000;IGTI11.SA;21.16;21.26;21.11;21.23;21.23;114300;21.578518;-1.6151152;52.12563177660977;ESTAVEL
1693414800000;IGTI11.SA;21.23;21.34;21.19;21.34;21.34;132200;21.576126;-1.094386;57.22482013619874;ESTAVEL
1693418400000;IGTI11.SA;21.34;21.34;21.19;21.25;21.25;123700;21.572857;-1.4965886;52.31507076004022;ESTAVEL
1693422000000;IGTI11.SA;21.25;21.25;21.05;21.06;21.06;131600;21.567715;-2.3540494;43.77606374566011;ESTAVEL
1693486800000;IGTI11.SA;21.14;21.18;20.6;20.7;20.7;0;21.559017;-3.9844913;32.83893734114628;ESTAVEL
1693490400000;IGTI11.SA;20.7;20.7;20.48;20.52;20.52;365000;21.548603;-4.7734094;28.944954114411104;SUBIR
1693494000000;IGTI11.SA;20.51;20.88;20.5;20.85;20.85;308300;21.541601;-3.2105374;42.42433794405585;ESTAVEL
1693497600000;IGTI11.SA;20.84;20.89;20.69;20.71;20.71;269200;21.533266;-3.823229;39.040645476956975;ESTAVEL
1693501200000;IGTI11.SA;20.71;20.72;20.55;20.57;20.57;305200;21.523613;-4.4305434;35.952553444752425;ESTAVEL
1693504800000;IGTI11.SA;20.56;20.59;20.47;20.53;20.53;536600;21.513657;-4.5722427;35.09832068589144;ESTAVEL
1693508400000;IGTI11.SA;20.54;20.67;20.49;20.64;20.64;719300;21.504904;-4.021891;39.36497465255378;ESTAVEL
1693573200000;IGTI11.SA;20.64;20.95;20.57;20.88;20.88;378100;21.498642;-2.8775864;47.47788916538464;ESTAVEL
1693576800000;IGTI11.SA;20.89;21.12;20.84;20.96;20.96;413700;21.493246;-2.4809937;49.88493871679998;ESTAVEL
1693580400000;IGTI11.SA;20.96;21.01;20.85;20.95;20.95;494200;21.487804;-2.5028355;49.57906939086516;ESTAVEL
1693584000000;IGTI11.SA;20.96;20.96;20.84;20.88;20.88;429600;21.481716;-2.8010619;47.38866799262473;ESTAVEL
1693587600000;IGTI11.SA;20.88;20.89;20.75;20.85;20.85;567500;21.475388;-2.9121132;46.441687084599565;ESTAVEL
1693591200000;IGTI11.SA;20.86;21.07;20.81;21.06;21.06;838300;21.471228;-1.9152498;53.4535863704795;ESTAVEL
1693594800000;IGTI11.SA;21.06;21.24;21.0;21.24;21.24;1039000;21.468912;-1.0662493;58.472218945061705;ESTAVEL
1693832400000;IGTI11.SA;21.14;21.52;21.08;21.51;21.51;0;21.469324;0.1894605;64.63224576651749;ESTAVEL
1693836000000;IGTI11.SA;21.51;21.64;21.49;21.59;21.59;572000;21.470531;0.5564303;66.23061789295846;ESTAVEL
1693839600000;IGTI11.SA;21.59;21.64;21.59;21.63;21.63;147800;21.472128;0.73524195;67.03286166007086;ESTAVEL
1693843200000;IGTI11.SA;21.64;21.7;21.58;21.62;21.62;200500;21.47361;0.68172085;66.6068447963915;ESTAVEL
1693846800000;IGTI11.SA;21.61;21.63;21.51;21.57;21.57;456900;21.474575;0.4443625;64.4029077042779;ESTAVEL
1693850400000;IGTI11.SA;21.56;21.65;21.55;21.61;21.61;236400;21.47593;0.6242838;65.38955556646488;ESTAVEL
1693854000000;IGTI11.SA;21.61;21.64;21.55;21.61;21.61;307900;21.477272;0.61799264;65.38955556646488;ESTAVEL
1693918800000;IGTI11.SA;21.49;21.49;20.93;20.99;20.99;0;21.472395;-2.246582;43.64390779836987;ESTAVEL
1693922400000;IGTI11.SA;20.99;21.03;20.83;20.95;20.95;563000;21.467165;-2.4090977;42.65826370568749;ESTAVEL
1693926000000;IGTI11.SA;20.96;21.04;20.76;20.87;20.87;642200;21.46119;-2.7546902;40.67953109595404;ESTAVEL
1693929600000;IGTI11.SA;20.86;20.97;20.85;20.95;20.95;508900;21.456072;-2.3586416;43.50182996119231;ESTAVEL
1693933200000;IGTI11.SA;20.95;20.96;20.82;20.84;20.84;533200;21.449907;-2.8434029;40.63879513509789;ESTAVEL
1693936800000;IGTI11.SA;20.84;20.9;20.82;20.87;20.87;500200;21.444103;-2.677208;41.76448886963419;ESTAVEL
1693940400000;IGTI11.SA;20.87;21.26;20.86;21.26;21.26;721900;21.44226;-0.8500071;53.98179045401727;ESTAVEL
1694005200000;IGTI11.SA;20.99;21.12;20.93;21.1;21.1;0;21.438837;-1.5804825;49.40271037832981;ESTAVEL
1694008800000;IGTI11.SA;21.1;21.12;20.78;20.78;20.78;412100;21.432245;-3.0432894;41.77102044425324;ESTAVEL
1694012400000;IGTI11.SA;20.78;20.8;20.64;20.7;20.7;353700;21.42492;-3.3835325;40.10311015366712;ESTAVEL
1694016000000;IGTI11.SA;20.71;20.73;20.55;20.58;20.58;685500;21.416466;-3.9057133;37.6731167372856;ESTAVEL
1694019600000;IGTI11.SA;20.59;20.59;20.49;20.56;20.56;456300;21.407898;-3.960678;37.2678002835086;ESTAVEL
1694023200000;IGTI11.SA;20.57;20.59;20.28;20.29;20.29;821500;21.396715;-5.17236;32.226984715654865;ESTAVEL
1694026800000;IGTI11.SA;20.3;20.44;20.27;20.27;20.27;605200;21.385445;-5.2159057;31.882970224636157;ESTAVEL
1694178000000;IGTI11.SA;20.3;20.43;20.28;20.43;20.43;0;21.375889;-4.425027;37.61987903500101;ESTAVEL
1694181600000;IGTI11.SA;20.43;20.46;20.25;20.26;20.26;301500;21.364727;-5.170799;34.31316495599262;ESTAVEL
1694185200000;IGTI11.SA;20.27;20.3;20.12;20.3;20.3;269500;21.35408;-4.9362006;35.74431948893297;ESTAVEL
1694188800000;IGTI11.SA;20.3;20.31;20.15;20.19;20.19;200500;21.342438;-5.3997474;33.577728727991385;ESTAVEL
1694192400000;IGTI11.SA;20.2;20.2;20.11;20.14;20.14;415500;21.330414;-5.5808287;32.610153590301124;ESTAVEL
1694196000000;IGTI11.SA;20.14;20.26;20.14;20.2;20.2;171700;21.319109;-5.2493234;35.02959380866379;ESTAVEL
1694199600000;IGTI11.SA;20.21;20.25;20.12;20.17;20.17;259200;21.30762;-5.339025;34.36524740004498;ESTAVEL
1694437200000;IGTI11.SA;20.36;20.48;20.23;20.36;20.36;0;21.298145;-4.4048214;41.88287244800386;ESTAVEL
1694440800000;IGTI11.SA;20.36;20.5;20.34;20.47;20.47;366500;21.289864;-3.8509574;45.7565034870731;ESTAVEL
1694444400000;IGTI11.SA;20.47;20.54;20.37;20.4;20.4;204700;21.280968;-4.1396976;43.75775045115795;ESTAVEL
1694448000000;IGTI11.SA;20.4;20.47;20.36;20.47;20.47;196600;21.27286;-3.7741027;46.284657899901184;ESTAVEL
1694451600000;IGTI11.SA;20.46;20.6;20.46;20.58;20.58;137300;21.265934;-3.225506;50.08024064938385;ESTAVEL
1694455200000;IGTI11.SA;20.58;20.78;20.56;20.76;20.76;279500;21.260876;-2.3558564;55.608002324641326;ESTAVEL
1694458800000;IGTI11.SA;20.76;20.8;20.69;20.74;20.74;519500;21.25567;-2.4260375;54.88082614887159;ESTAVEL
1694523600000;IGTI11.SA;20.7;20.79;20.64;20.75;20.75;0;21.250616;-2.355772;55.19630544533753;ESTAVEL
1694527200000;IGTI11.SA;20.74;21.12;20.74;21.06;21.06;200600;21.24871;-0.8881039;63.67551815114658;ESTAVEL
1694530800000;IGTI11.SA;21.07;21.17;21.03;21.08;21.08;269800;21.247025;-0.7861079;64.14695200890037;ESTAVEL
1694534400000;IGTI11.SA;21.09;21.16;20.99;21.15;21.15;447400;21.246054;-0.45210135;65.81903705527034;ESTAVEL
1694538000000;IGTI11.SA;21.14;21.19;21.08;21.13;21.13;387200;21.244894;-0.5408077;64.88790205329852;ESTAVEL
1694541600000;IGTI11.SA;21.12;21.29;21.08;21.25;21.25;589800;21.244946;0.023791417;67.82870301514586;ESTAVEL
1694545200000;IGTI11.SA;21.25;21.25;21.14;21.21;21.21;336300;21.244596;-0.16284838;65.84890520334633;ESTAVEL
1694610000000;IGTI11.SA;21.29;21.42;21.09;21.37;21.37;0;21.24585;0.58435124;69.66325862912828;ESTAVEL
1694613600000;IGTI11.SA;21.37;21.62;21.23;21.56;21.56;293100;21.24899;1.4636503;73.45483670412608;CAIR
1694617200000;IGTI11.SA;21.55;21.66;21.45;21.48;21.48;205200;21.251297;1.0761838;69.51523652633819;ESTAVEL
1694620800000;IGTI11.SA;21.49;21.51;21.32;21.37;21.37;165100;21.252483;0.55295485;64.40066251580268;ESTAVEL
1694624400000;IGTI11.SA;21.37;21.45;21.3;21.3;21.3;190000;21.252958;0.22134191;61.30932763501269;ESTAVEL
1694628000000;IGTI11.SA;21.31;21.39;21.24;21.32;21.32;412000;21.253628;0.31228656;61.87246083715172;ESTAVEL
1694631600000;IGTI11.SA;21.33;21.37;21.25;21.27;21.27;522700;21.25379;0.07626921;59.53935895797853;ESTAVEL
1694696400000;IGTI11.SA;21.46;21.51;21.28;21.32;21.32;0;21.254452;0.30839774;61.11830114870211;ESTAVEL
1694700000000;IGTI11.SA;21.32;21.36;21.17;21.21;21.21;144500;21.254007;-0.20705432;55.945715756198446;ESTAVEL
1694703600000;IGTI11.SA;21.2;21.25;21.03;21.05;21.05;101700;21.25197;-0.9503603;49.39709573545653;ESTAVEL
1694707200000;IGTI11.SA;21.04;21.1;21.02;21.04;21.04;86800;21.249853;-0.987551;49.01095923144947;ESTAVEL
1694710800000;IGTI11.SA;21.04;21.14;21.03;21.11;21.11;108100;21.248457;-0.6516095;51.848437551153744;ESTAVEL
1694714400000;IGTI11.SA;21.1;21.28;21.08;21.12;21.12;201100;21.247173;-0.5985423;52.25718063317544;ESTAVEL
1694718000000;IGTI11.SA;21.12;21.5;21.12;21.41;21.41;456300;21.2488;0.75862974;62.2618605306162;ESTAVEL
1694782800000;IGTI11.SA;21.39;21.41;20.91;20.93;20.93;242900;21.245615;-1.4855536;45.32988375529619;ESTAVEL
1694786400000;IGTI11.SA;20.94;21.04;20.9;21.0;21.0;237700;21.243162;-1.1446608;47.56919065164391;ESTAVEL
1694790000000;IGTI11.SA;21.01;21.13;20.99;21.04;21.04;211700;21.241135;-0.94691104;48.8582874269642;ESTAVEL
1694793600000;IGTI11.SA;21.05;21.11;20.98;20.99;20.99;206300;21.238626;-1.1706336;47.293012476068114;ESTAVEL
1694797200000;IGTI11.SA;21.0;21.0;20.82;20.94;20.94;354300;21.235645;-1.3922124;45.71575366403853;ESTAVEL
1694800800000;IGTI11.SA;20.94;20.94;20.83;20.9;20.9;134300;21.232292;-1.565032;44.43889191945228;ESTAVEL
1694804400000;IGTI11.SA;20.91;20.96;20.82;20.83;20.83;266800;21.228275;-1.8761548;42.21668326898651;ESTAVEL
1695042000000;IGTI11.SA;20.83;21.02;20.67;20.79;20.79;0;21.2239;-2.0443926;40.95633847810901;ESTAVEL
1695045600000;IGTI11.SA;20.78;20.88;20.71;20.86;20.86;151900;21.220266;-1.6977465;44.10139847991713;ESTAVEL
1695049200000;IGTI11.SA;20.86;20.98;20.8;20.83;20.83;129000;21.216372;-1.821101;43.04319769505874;ESTAVEL
1695052800000;IGTI11.SA;20.81;20.82;20.74;20.82;20.82;158700;21.212414;-1.8499252;42.675611746214656;ESTAVEL
1695056400000;IGTI11.SA;20.81;20.95;20.81;20.94;20.94;144800;21.209694;-1.2715596;48.37325257165479;ESTAVEL
1695060000000;IGTI11.SA;20.93;20.95;20.83;20.85;20.85;186500;21.206104;-1.6792537;44.77848372178551;ESTAVEL
1695063600000;IGTI11.SA;20.84;20.97;20.73;20.97;20.97;368600;21.203747;-1.1023844;50.10281583748754;ESTAVEL
1695128400000;IGTI11.SA;20.76;20.95;20.69;20.77;20.77;0;21.199417;-2.025608;42.71130694004992;ESTAVEL
1695132000000;IGTI11.SA;20.75;20.87;20.7;20.8;20.8;228900;21.19543;-1.8656415;44.04478981724341;ESTAVEL
1695135600000;IGTI11.SA;20.8;20.83;20.66;20.66;20.66;319100;21.190086;-2.5015771;39.43204629073848;ESTAVEL
1695139200000;IGTI11.SA;20.66;20.84;20.65;20.82;20.82;182200;21.186392;-1.7293735;46.34765066286903;ESTAVEL
1695142800000;IGTI11.SA;20.82;20.9;20.79;20.87;20.87;185700;21.183233;-1.4786849;48.33299231423227;ESTAVEL
1695146400000;IGTI11.SA;20.88;20.93;20.85;20.9;20.9;250300;21.180407;-1.323896;49.53951058351632;ESTAVEL
1695150000000;IGTI11.SA;20.89;21.01;20.74;20.96;20.96;651300;21.178207;-1.0303394;51.95594454649299;ESTAVEL
1695214800000;IGTI11.SA;20.83;21.1;20.7;21.09;21.09;0;21.177328;-0.41236603;56.78472578848613;ESTAVEL
1695218400000;IGTI11.SA;21.07;21.26;21.0;21.25;21.25;694500;21.178053;0.3397248;61.86495645552374;ESTAVEL
1695222000000;IGTI11.SA;21.24;21.25;21.13;21.21;21.21;163100;21.178371;0.14934373;59.96701300811444;ESTAVEL
1695225600000;IGTI11.SA;21.21;21.22;21.05;21.16;21.16;249800;21.178188;-0.08588234;57.588692026145175;ESTAVEL
1695229200000;IGTI11.SA;21.16;21.19;21.06;21.11;21.11;257400;21.177507;-0.31876934;55.22975758748258;ESTAVEL
1695232800000;IGTI11.SA;21.11;21.13;20.86;20.86;20.86;780200;21.17434;-1.4845294;45.24939874498577;ESTAVEL
1695236400000;IGTI11.SA;20.86;21.08;20.69;21.08;21.08;843300;21.173399;-0.4411147;53.25471017396817;ESTAVEL
1695301200000;IGTI11.SA;20.61;20.65;20.29;20.29;20.29;575000;21.164583;-4.132296;34.019233387481705;ESTAVEL
1695304800000;IGTI11.SA;20.29;20.42;20.28;20.29;20.29;442600;21.155857;-4.0927534;34.019233387481705;ESTAVEL
1695308400000;IGTI11.SA;20.29;20.42;20.27;20.42;20.42;650300;21.148516;-3.4447603;38.27421034355449;ESTAVEL
1695312000000;IGTI11.SA;20.42;20.45;20.35;20.44;20.44;496500;21.141447;-3.3178763;38.92674301797358;ESTAVEL
1695315600000;IGTI11.SA;20.44;20.44;20.26;20.38;20.38;697900;21.13385;-3.5670269;37.6411473526059;ESTAVEL
1695319200000;IGTI11.SA;20.38;20.4;20.25;20.28;20.28;644200;21.125332;-4.001508;35.53473750677523;ESTAVEL
1695322800000;IGTI11.SA;20.28;20.3;20.14;20.23;20.23;986300;21.1164;-4.1976843;34.49530870447201;ESTAVEL
1695387600000;IGTI11.SA;20.36;20.46;20.26;20.46;20.46;0;21.109852;-3.0784292;42.78592859264105;ESTAVEL
1695391200000;IGTI11.SA;20.47;20.56;20.33;20.37;20.37;521800;21.10247;-3.4710174;40.61948034287481;ESTAVEL
1695394800000;IGTI11.SA;20.38;20.42;20.31;20.38;20.38;205300;21.095264;-3.3906398;40.97709074543532;ESTAVEL
1695398400000;IGTI11.SA;20.38;20.42;20.32;20.34;20.34;197700;21.08773;-3.5458078;39.940925669708825;ESTAVEL
1695402000000;IGTI11.SA;20.34;20.36;20.21;20.28;20.28;193400;21.079672;-3.7935688;38.37347146701792;ESTAVEL
1695405600000;IGTI11.SA;20.28;20.32;20.19;20.32;20.32;293600;21.072096;-3.5691555;40.06224203998847;ESTAVEL
1695409200000;IGTI11.SA;20.31;20.43;20.29;20.4;20.4;699100;21.065392;-3.1586952;43.40275324157351;ESTAVEL
1695646800000;IGTI11.SA;20.41;20.43;20.11;20.26;20.26;0;21.057358;-3.7865994;39.27725592174677;ESTAVEL
1695650400000;IGTI11.SA;20.26;20.29;20.08;20.24;20.24;193000;21.049206;-3.844353;38.71117049313204;ESTAVEL
1695654000000;IGTI11.SA;20.23;20.29;20.16;20.22;20.22;233100;21.040936;-3.9016113;38.11950965228774;ESTAVEL
1695657600000;IGTI11.SA;20.22;20.26;20.14;20.15;20.15;130800;21.03205;-4.193834;36.04310746480739;ESTAVEL
1695661200000;IGTI11.SA;20.15;20.37;20.15;20.31;20.31;261100;21.024849;-3.4000194;43.60470672930676;ESTAVEL
1695664800000;IGTI11.SA;20.3;20.36;20.28;20.29;20.29;242400;21.017519;-3.4614885;42.92158708914599;ESTAVEL
1695668400000;IGTI11.SA;20.29;20.38;20.27;20.33;20.33;299600;21.010664;-3.2396119;44.78469311800269;ESTAVEL
1695733200000;IGTI11.SA;20.36;20.36;19.97;20.06;20.06;0;21.001183;-4.4815693;36.19619767056647;ESTAVEL
1695736800000;IGTI11.SA;20.06;20.11;19.88;20.03;20.03;337700;20.991497;-4.580412;35.38422877038391;ESTAVEL
1695740400000;IGTI11.SA;20.04;20.08;19.93;19.94;19.94;262400;20.981012;-4.961688;32.99308695759132;ESTAVEL
1695744000000;IGTI11.SA;19.95;20.0;19.91;19.91;19.91;167200;20.970331;-5.0563397;32.21168855399736;ESTAVEL
1695747600000;IGTI11.SA;19.93;19.93;19.81;19.89;19.89;630100;20.959558;-5.102963;31.67312872293517;ESTAVEL
1695751200000;IGTI11.SA;19.88;19.89;19.66;19.67;19.67;962400;20.946701;-6.0949984;26.437003102293005;SUBIR
1695754800000;IGTI11.SA;19.68;19.7;19.47;19.59;19.59;1156800;20.933172;-6.416477;24.82954437383948;SUBIR
1695819600000;IGTI11.SA;19.85;19.85;19.6;19.72;19.72;0;20.921076;-5.740985;32.05887958161648;ESTAVEL
1695823200000;IGTI11.SA;19.71;19.81;19.63;19.71;19.71;314300;20.909;-5.7343745;31.805486615363435;ESTAVEL
1695826800000;IGTI11.SA;19.72;19.72;19.57;19.59;19.59;234000;20.89585;-6.2493234;28.857836614249976;SUBIR
1695830400000;IGTI11.SA;19.58;19.68;19.56;19.6;19.6;204100;20.882929;-6.1434336;29.44465971041126;SUBIR
1695834000000;IGTI11.SA;19.59;19.62;19.37;19.46;19.46;417100;20.868742;-6.7504883;26.187847930560338;SUBIR
1695837600000;IGTI11.SA;19.48;19.58;19.36;19.55;19.55;389200;20.855593;-6.2601566;31.43796488353037;ESTAVEL
1695841200000;IGTI11.SA;19.55;19.68;19.55;19.66;19.66;409300;20.843674;-5.6788154;37.307349882991225;ESTAVEL
1695906000000;IGTI11.SA;19.55;19.97;19.53;19.96;19.96;0;20.834864;-4.199037;49.9033078139723;ESTAVEL
1695909600000;IGTI11.SA;19.93;20.08;19.92;20.03;20.03;276100;20.82684;-3.826022;52.310964609693926;ESTAVEL
1695913200000;IGTI11.SA;20.03;20.14;19.99;20.1;20.1;351600;20.819593;-3.456328;54.657749503066775;ESTAVEL
1695916800000;IGTI11.SA;20.11;20.12;19.96;19.97;19.97;227500;20.811123;-4.041699;49.76032294682708;ESTAVEL
1695920400000;IGTI11.SA;19.98;20.07;19.88;19.9;19.9;336800;20.80204;-4.336306;47.302558871670165;ESTAVEL
1695924000000;IGTI11.SA;19.91;19.98;19.85;19.89;19.89;324000;20.79295;-4.342576;46.94582803813839;ESTAVEL
1695927600000;IGTI11.SA;19.9;20.17;19.9;20.09;20.09;431000;20.785942;-3.3481383;54.35931967796395;ESTAVEL
1695992400000;IGTI11.SA;20.27;20.43;20.22;20.42;20.42;0;20.782293;-1.7432789;63.43765016552646;ESTAVEL
1695996000000;IGTI11.SA;20.41;20.42;20.15;20.16;20.16;210600;20.77609;-2.9653828;54.27722544630969;ESTAVEL
1695999600000;IGTI11.SA;20.17;20.23;20.05;20.08;20.08;232600;20.769152;-3.3181503;51.798725472385065;ESTAVEL
1696003200000;IGTI11.SA;20.08;20.1;19.98;19.98;19.98;170800;20.761286;-3.763186;48.79903001512658;ESTAVEL
1696006800000;IGTI11.SA;19.99;20.1;19.94;20.05;20.05;273500;20.754196;-3.3930304;50.94074541789399;ESTAVEL
1696010400000;IGTI11.SA;20.05;20.15;20.01;20.13;20.13;292100;20.747974;-2.9784806;53.342778972045856;ESTAVEL
1696014000000;IGTI11.SA;20.13;20.21;20.08;20.21;20.21;297000;20.742613;-2.567723;55.67970747810165;ESTAVEL
1696251600000;IGTI11.SA;20.15;20.15;19.88;19.93;19.93;0;20.734512;-3.880064;46.83728949773684;ESTAVEL
1696255200000;IGTI11.SA;19.92;20.06;19.88;19.9;19.9;502800;20.726194;-3.986233;45.99448325111253;ESTAVEL
1696258800000;IGTI11.SA;19.89;19.93;19.81;19.86;19.86;1349500;20.717562;-4.1392984;44.83600906800312;ESTAVEL
1696262400000;IGTI11.SA;19.86;19.94;19.82;19.9;19.9;216800;20.709414;-3.908433;46.29280189770873;ESTAVEL
1696266000000;IGTI11.SA;19.9;19.91;19.65;19.65;19.65;924600;20.698854;-5.06721;39.306174325444736;ESTAVEL
1696269600000;IGTI11.SA;19.66;19.72;19.53;19.57;19.57;556900;20.687605;-5.4022923;37.36292019305846;ESTAVEL
1696273200000;IGTI11.SA;19.58;19.83;19.55;19.81;19.81;716000;20.678858;-4.201672;45.98974519349102;ESTAVEL
1696338000000;IGTI11.SA;19.65;19.79;19.63;19.76;19.76;0;20.6697;-4.401131;44.61124363267712;ESTAVEL
1696341600000;IGTI11.SA;19.76;19.76;19.55;19.55;19.55;225700;20.658543;-5.3660254;39.28515160661463;ESTAVEL
1696345200000;IGTI11.SA;19.55;19.62;19.49;19.5;19.5;195800;20.646996;-5.555266;38.11825405394658;ESTAVEL
1696348800000;IGTI11.SA;19.5;19.6;19.5;19.53;19.53;329800;20.635864;-5.3589435;39.28357728726306;ESTAVEL
1696352400000;IGTI11.SA;19.53;19.66;19.48;19.61;19.61;552900;20.62564;-4.924166;42.39866181228948;ESTAVEL
1696356000000;IGTI11.SA;19.61;19.7;19.4;19.41;19.41;466000;20.613527;-5.8385315;37.252912925241;ESTAVEL
1696359600000;IGTI11.SA;19.41;19.42;19.28;19.4;19.4;604500;20.601435;-5.831801;37.01104267877461;ESTAVEL
1696424400000;IGTI11.SA;19.57;19.87;19.5;19.75;19.75;0;20.59295;-4.093395;49.39520435180254;ESTAVEL
1696428000000;IGTI11.SA;19.74;20.0;19.64;19.98;19.98;482800;20.586842;-2.9477158;55.5762491772762;ESTAVEL
1696431600000;IGTI11.SA;19.97;20.08;19.93;20.03;20.03;486600;20.581293;-2.6786125;56.81125126359076;ESTAVEL
1696435200000;IGTI11.SA;20.03;20.13;19.98;20.05;20.05;250200;20.576;-2.5563774;57.32234166387444;ESTAVEL
1696438800000;IGTI11.SA;20.03;20.05;19.93;20.0;20.0;296800;20.57026;-2.7722504;55.55241711087032;ESTAVEL
1696442400000;IGTI11.SA;19.99;20.04;19.86;19.93;19.93;349000;20.56388;-3.0824966;53.08134473263755;ESTAVEL
1696446000000;IGTI11.SA;19.93;20.01;19.92;19.99;19.99;491800;20.558163;-2.7636843;54.93184920330532;ESTAVEL
1696510800000;IGTI11.SA;20.03;20.1;19.9;20.05;20.05;0;20.553099;-2.4477997;56.768106453833866;ESTAVEL
1696514400000;IGTI11.SA;20.04;20.04;19.59;19.62;19.62;309600;20.543802;-4.496744;43.18739118681521;ESTAVEL
1696518000000;IGTI11.SA;19.61;19.67;19.58;19.62;19.62;122100;20.534597;-4.4539337;43.18739118681522;ESTAVEL
1696521600000;IGTI11.SA;19.64;19.75;19.58;19.68;19.68;351500;20.526083;-4.1219897;45.304869917943776;ESTAVEL
1696525200000;IGTI11.SA;19.67;19.8;19.58;19.78;19.78;489600;20.518648;-3.599887;48.73439397062434;ESTAVEL
1696528800000;IGTI11.SA;19.78;19.84;19.7;19.79;19.79;358600;20.511389;-3.5170157;49.07824728942976;ESTAVEL
1696532400000;IGTI11.SA;19.79;20.0;19.79;19.91;19.91;549800;20.505398;-2.903615;53.14001600341215;ESTAVEL
1696597200000;IGTI11.SA;19.66;19.73;19.43;19.46;19.46;0;20.494982;-5.0499277;40.19280752802821;ESTAVEL
1696600800000;IGTI11.SA;19.47;19.64;19.25;19.59;19.59;729800;20.485966;-4.3735585;44.40678105780826;ESTAVEL
1696604400000;IGTI11.SA;19.6;20.13;19.58;20.11;20.11;1138200;20.48222;-1.817282;57.35136732811308;ESTAVEL
1696608000000;IGTI11.SA;20.11;20.16;19.92;20.16;20.16;690000;20.47901;-1.5577395;58.355464445059;ESTAVEL
1696611600000;IGTI11.SA;20.14;20.28;19.9;19.9;19.9;646700;20.473242;-2.7999563;51.55789279295136;ESTAVEL
1696615200000;IGTI11.SA;19.91;19.92;19.7;19.72;19.72;246300;20.465738;-3.6438377;47.43803002191245;ESTAVEL
1696618800000;IGTI11.SA;19.74;19.88;19.7;19.83;19.83;662000;20.459404;-3.0763555;50.06409449364274;ESTAVEL
1696856400000;IGTI11.SA;19.73;19.93;19.51;19.79;19.79;0;20.452736;-3.2403288;49.103373958089634;ESTAVEL
1696860000000;IGTI11.SA;19.8;19.82;19.69;19.72;19.72;175600;20.445436;-3.5481584;47.38951261718744;ESTAVEL
1696863600000;IGTI11.SA;19.71;19.99;19.69;19.87;19.87;708300;20.439703;-2.7872372;51.31118621879916;ESTAVEL
1696867200000;IGTI11.SA;19.88;20.03;19.81;20.01;20.01;637000;20.435423;-2.0817914;54.70487521382298;ESTAVEL
1696870800000;IGTI11.SA;20.03;20.19;19.9;20.18;20.18;456800;20.432878;-1.2376058;58.48857010520557;ESTAVEL
1696874400000;IGTI11.SA;20.18;20.24;20.07;20.13;20.13;381700;20.429861;-1.4677588;56.980922336599406;ESTAVEL
1696878000000;IGTI11.SA;20.13;20.37;20.11;20.36;20.36;402000;20.429165;-0.33855954;61.85218022810815;ESTAVEL
1696942800000;IGTI11.SA;20.35;20.86;20.33;20.78;20.78;0;20.432661;1.6999203;68.79989814114052;ESTAVEL
1696946400000;IGTI11.SA;20.78;20.87;20.63;20.72;20.72;1054300;20.435522;1.3920757;66.92470685617249;ESTAVEL
1696950000000;IGTI11.SA;20.72;20.82;20.65;20.75;20.75;345300;20.438656;1.5233103;67.40310414887851;ESTAVEL
1696953600000;IGTI11.SA;20.74;20.8;20.71;20.73;20.73;220500;20.441557;1.4110621;66.71036180980113;ESTAVEL
1696957200000;IGTI11.SA;20.73;20.84;20.68;20.71;20.71;317600;20.444231;1.2999705;65.98008187616668;ESTAVEL
1696960800000;IGTI11.SA;20.72;20.85;20.67;20.75;20.75;674300;20.447277;1.4805049;66.76373340330403;ESTAVEL
1696964400000;IGTI11.SA;20.75;20.95;20.74;20.86;20.86;574700;20.451387;1.9979701;68.88628825052291;ESTAVEL
1697029200000;IGTI11.SA;20.86;21.02;20.74;20.82;20.82;0;20.45506;1.7841109;67.20553590681172;ESTAVEL
1697032800000;IGTI11.SA;20.83;21.1;20.79;21.06;21.06;906700;20.461084;2.9270964;71.67163525995403;CAIR
1697036400000;IGTI11.SA;21.07;21.29;21.07;21.26;21.26;692900;20.469042;3.8641682;74.75678308672838;CAIR
1697040000000;IGTI11.SA;21.27;21.31;21.11;21.18;21.18;1046000;20.476124;3.437546;71.40682870299625;CAIR
1697043600000;IGTI11.SA;21.18;21.27;21.09;21.12;21.12;768800;20.482536;3.1122303;68.91261885345207;ESTAVEL
1697047200000;IGTI11.SA;21.11;21.22;21.07;21.09;21.09;674600;20.488586;2.935359;67.64042222080307;ESTAVEL
1697050800000;IGTI11.SA;21.09;21.23;21.03;21.22;21.22;802500;20.495872;3.5330405;70.20712011254311;CAIR
1697202000000;IGTI11.SA;21.15;21.3;20.84;21.09;21.09;0;20.50179;2.869071;64.68201984152968;ESTAVEL
1697205600000;IGTI11.SA;21.06;21.07;20.87;20.95;20.95;243400;20.506254;2.1639535;59.27223861648508;ESTAVEL
1697209200000;IGTI11.SA;20.96;20.96;20.87;20.93;20.93;259000;20.510473;2.0454268;58.51926178874595;ESTAVEL
1697212800000;IGTI11.SA;20.93;21.1;20.92;21.06;21.06;110000;20.515947;2.6518524;61.90673965396288;ESTAVEL
1697216400000;IGTI11.SA;21.06;21.11;20.87;20.87;20.87;243400;20.519474;1.70826;54.85579314196268;ESTAVEL
1697220000000;IGTI11.SA;20.87;20.91;20.79;20.83;20.83;478800;20.522566;1.4980298;53.47492953885735;ESTAVEL
1697223600000;IGTI11.SA;20.83;20.95;20.82;20.9;20.9;350500;20.526325;1.820466;55.58214339621588;ESTAVEL
1697461200000;IGTI11.SA;21.0;21.14;20.81;21.01;21.01;421200;20.531141;2.332353;58.74431006744864;ESTAVEL
1697464800000;IGTI11.SA;21.01;21.19;20.93;21.07;21.07;303700;20.536509;2.597771;60.40031687797696;ESTAVEL
1697468400000;IGTI11.SA;21.07;21.08;20.96;20.98;20.98;542900;20.540926;2.137557;56.72234516408344;ESTAVEL
1697472000000;IGTI11.SA;20.98;21.0;20.88;20.91;20.91;255100;20.544601;1.7785624;53.96964479248009;ESTAVEL
1697475600000;IGTI11.SA;20.91;20.94;20.79;20.84;20.84;328000;20.547543;1.4233207;51.289150114811534;ESTAVEL
1697479200000;IGTI11.SA;20.84;20.88;20.76;20.81;20.81;600400;20.550156;1.2644398;50.139790837896776;ESTAVEL
1697482800000;IGTI11.SA;20.8;20.92;20.79;20.88;20.88;343400;20.553442;1.5888239;52.79778573875376;ESTAVEL
1697547600000;IGTI11.SA;20.74;20.82;20.52;20.56;20.56;204600;20.553507;0.03159144;41.821882962526914;ESTAVEL
1697551200000;IGTI11.SA;20.57;20.65;20.45;20.52;20.52;596600;20.553173;-0.16140118;40.6833746428612;ESTAVEL
1697554800000;IGTI11.SA;20.52;20.68;20.44;20.65;20.65;541600;20.554136;0.46639627;45.84340245066756;ESTAVEL
1697558400000;IGTI11.SA;20.64;20.66;20.54;20.6;20.6;382700;20.554594;0.22090419;44.24902675563794;ESTAVEL
1697562000000;IGTI11.SA;20.6;20.61;20.34;20.37;20.37;353100;20.552755;-0.8892012;37.745850143816845;ESTAVEL
1697565600000;IGTI11.SA;20.38;20.42;20.24;20.33;20.33;604000;20.550537;-1.0731453;36.73470110154765;ESTAVEL
1697569200000;IGTI11.SA;20.33;20.45;20.29;20.39;20.39;676300;20.548939;-0.7734645;39.35885498436728;ESTAVEL
1697634000000;IGTI11.SA;20.25;20.25;19.97;20.0;20.0;147500;20.543472;-2.6454744;30.50246531561504;ESTAVEL
1697637600000;IGTI11.SA;20.0;20.01;19.76;19.86;19.86;695900;20.536667;-3.2949207;28.061439777005237;SUBIR
1697641200000;IGTI11.SA;19.87;19.92;19.76;19.8;19.8;482800;20.529331;-3.5526302;27.06189227049498;SUBIR
1697644800000;IGTI11.SA;19.8;19.82;19.67;19.67;19.67;352400;20.520773;-4.1459107;24.98528406050835;SUBIR
1697648400000;IGTI11.SA;19.67;19.79;19.62;19.63;19.63;549400;20.511904;-4.299473;24.365732854734134;SUBIR
1697652000000;IGTI11.SA;19.64;19.65;19.3;19.44;19.44;1505100;20.50123;-5.176422;21.622979556958214;SUBIR
1697655600000;IGTI11.SA;19.44;19.45;19.14;19.25;19.25;1197000;20.488771;-6.046099;19.285139787877284;SUBIR
1697720400000;IGTI11.SA;19.15;19.4;19.05;19.24;19.24;573200;20.476336;-6.0378747;19.16767714382512;SUBIR
1697724000000;IGTI11.SA;19.24;19.25;19.07;19.14;19.14;666400;20.46303;-6.465464;17.9877925385062;SUBIR
1697727600000;IGTI11.SA;19.13;19.24;19.11;19.12;19.12;452400;20.449656;-6.5020924;17.75242722012976;SUBIR
1697731200000;IGTI11.SA;19.13;19.44;19.08;19.33;19.33;862300;20.438507;-5.4236207;28.35315436061056;SUBIR
1697734800000;IGTI11.SA;19.34;19.39;19.19;19.22;19.22;461100;20.426374;-5.9059644;26.431429157857096;SUBIR
1697738400000;IGTI11.SA;19.22;19.34;19.13;19.18;19.18;1022700;20.413963;-6.0447025;25.748012432395;SUBIR
1697742000000;IGTI11.SA;19.19;19.21;19.05;19.16;19.16;707200;20.401478;-6.0852346;25.394456148106254;SUBIR
1697806800000;IGTI11.SA;19.0;19.22;19.0;19.08;19.08;130300;20.38832;-6.4170117;23.976245621458133;SUBIR
1697810400000;IGTI11.SA;19.09;19.11;18.83;18.86;18.86;182600;20.373102;-7.42696;20.573514370321263;SUBIR
1697814000000;IGTI11.SA;18.85;18.93;18.77;18.86;18.86;406000;20.358038;-7.3584595;20.573514370321263;SUBIR
1697817600000;IGTI11.SA;18.85;18.9;18.74;18.84;18.84;296100;20.342922;-7.3879366;20.270208120012786;SUBIR
1697821200000;IGTI11.SA;18.84;19.18;18.81;19.15;19.15;716900;20.331045;-5.8090725;36.01588760957023;ESTAVEL
1697824800000;IGTI11.SA;19.15;19.24;19.11;19.21;19.21;1066800;20.319883;-5.4620557;38.54558238472305;ESTAVEL
1697828400000;IGTI11.SA;19.22;19.34;19.2;19.34;19.34;451100;20.310125;-4.7765603;43.736011617163854;ESTAVEL
1698066000000;IGTI11.SA;19.1;19.37;19.1;19.35;19.35;190600;20.300568;-4.6824684;44.12693709658232;ESTAVEL
1698069600000;IGTI11.SA;19.35;19.66;19.28;19.58;19.58;415200;20.293392;-3.5153916;52.330726693767765;ESTAVEL
1698073200000;IGTI11.SA;19.6;19.94;19.5;19.91;19.91;518700;20.289576;-1.8707911;61.14571503401521;ESTAVEL
1698076800000;IGTI11.SA;19.9;20.1;19.81;20.07;20.07;504600;20.28739;-1.0715511;64.56694692546932;ESTAVEL
1698080400000;IGTI11.SA;20.07;20.25;20.01;20.07;20.07;854100;20.285225;-1.0609934;64.56694692546932;ESTAVEL
1698084000000;IGTI11.SA;20.06;20.15;19.99;19.99;19.99;760100;20.282286;-1.4410886;61.4303002571645;ESTAVEL
1698087600000;IGTI11.SA;20.0;20.12;19.93;20.0;20.0;712900;20.279474;-1.3781139;61.68089124294629;ESTAVEL
1698152400000;IGTI11.SA;20.22;20.61;20.13;20.6;20.6;516700;20.282665;1.5645614;73.01114396668945;CAIR
1698156000000;IGTI11.SA;20.59;20.61;20.36;20.39;20.39;443400;20.283735;0.5238913;65.69004186190696;ESTAVEL
1698159600000;IGTI11.SA;20.38;20.46;20.26;20.3;20.3;498600;20.283897;0.07938612;62.78436883800792;ESTAVEL
1698163200000;IGTI11.SA;20.32;20.32;20.12;20.18;20.18;423100;20.282862;-0.5071361;59.0348212053907;ESTAVEL
1698166800000;IGTI11.SA;20.18;20.41;20.13;20.31;20.31;568300;20.283133;0.13246202;61.70313761009094;ESTAVEL
1698170400000;IGTI11.SA;20.3;20.34;20.24;20.27;20.27;345000;20.283;-0.06409775;60.39949924787265;ESTAVEL
1698174000000;IGTI11.SA;20.26;20.6;20.25;20.6;20.6;562900;20.286158;1.5470766;66.6581195595526;ESTAVEL
1698238800000;IGTI11.SA;20.59;20.78;20.37;20.46;20.46;382600;20.287888;0.84835064;62.16910203087141;ESTAVEL
1698242400000;IGTI11.SA;20.45;20.54;20.21;20.25;20.25;592200;20.287512;-0.18490106;56.06950799719214;ESTAVEL
1698246000000;IGTI11.SA;20.25;20.35;20.18;20.21;20.21;384700;20.28674;-0.37827346;54.963330655045816;ESTAVEL
1698249600000;IGTI11.SA;20.22;20.43;20.18;20.28;20.28;658100;20.286673;-0.032891504;56.577809912282895;ESTAVEL
1698253200000;IGTI11.SA;20.28;20.3;20.06;20.25;20.25;798400;20.286306;-0.17896989;55.65695012802548;ESTAVEL
1698256800000;IGTI11.SA;20.24;20.32;20.09;20.23;20.23;584300;20.285748;-0.2748113;55.0140925719726;ESTAVEL
1698260400000;IGTI11.SA;20.23;20.31;20.15;20.26;20.26;623200;20.28549;-0.1256565;55.83807748962996;ESTAVEL
1698325200000;IGTI11.SA;20.31;20.72;20.3;20.65;20.65;387600;20.28912;1.7786887;64.85129978723124;ESTAVEL
1698328800000;IGTI11.SA;20.65;20.81;20.6;20.76;20.76;418600;20.293806;2.2972226;66.9030871870468;ESTAVEL
1698332400000;IGTI11.SA;20.75;20.76;20.65;20.65;20.65;209700;20.297354;1.7374002;62.94599751044997;ESTAVEL
1698336000000;IGTI11.SA;20.66;20.71;20.58;20.66;20.66;218200;20.300962;1.768574;63.15932621533543;ESTAVEL
1698339600000;IGTI11.SA;20.67;20.73;20.57;20.67;20.67;218200;20.304638;1.7994021;63.386334685077;ESTAVEL
1698343200000;IGTI11.SA;20.67;20.74;20.6;20.67;20.67;331900;20.308273;1.781179;63.386334685077;ESTAVEL
1698346800000;IGTI11.SA;20.67;20.84;20.65;20.66;20.66;677000;20.311775;1.7143986;62.936568373627246;ESTAVEL
1698411600000;IGTI11.SA;20.81;21.04;20.76;20.85;20.85;245800;20.317133;2.6227472;67.63549380053193;ESTAVEL
1698415200000;IGTI11.SA;20.85;20.9;20.71;20.75;20.75;301700;20.321444;2.1088877;63.10108340983231;ESTAVEL
1698418800000;IGTI11.SA;20.75;20.83;20.67;20.67;20.67;159700;20.324913;1.6978521;59.655435859267;ESTAVEL
1698422400000;IGTI11.SA;20.68;20.72;20.49;20.55;20.55;155600;20.327154;1.0962963;54.819863069696495;ESTAVEL
1698426000000;IGTI11.SA;20.56;20.58;20.35;20.38;20.38;279900;20.327679;0.25738955;48.786617915216354;ESTAVEL
1698429600000;IGTI11.SA;20.38;20.39;20.18;20.19;20.19;279600;20.32631;-0.67060477;43.08000825607243;ESTAVEL
1698433200000;IGTI11.SA;20.21;20.32;20.15;20.2;20.2;297400;20.325052;-0.6152617;43.45489797421853;ESTAVEL
1698670800000;IGTI11.SA;20.22;20.27;20.05;20.05;20.05;109500;20.322313;-1.339972;39.27617283388064;ESTAVEL
1698674400000;IGTI11.SA;20.05;20.06;19.77;19.93;19.93;196100;20.318409;-1.9116111;36.27119287148237;ESTAVEL
1698678000000;IGTI11.SA;19.92;20.03;19.54;19.7;19.7;234700;20.312252;-3.0142007;31.32437318334358;ESTAVEL
1698681600000;IGTI11.SA;19.7;19.72;19.56;19.66;19.66;237300;20.30576;-3.1801786;30.54416703812295;ESTAVEL
1698685200000;IGTI11.SA;19.66;19.81;19.65;19.77;19.77;298300;20.300426;-2.6128833;35.315549682206;ESTAVEL
1698688800000;IGTI11.SA;19.77;19.8;19.63;19.65;19.65;319500;20.293951;-3.173118;32.67820462407053;ESTAVEL
1698692400000;IGTI11.SA;19.65;19.75;19.56;19.59;19.59;0;20.286943;-3.4354284;31.414946789434325;ESTAVEL
1698757200000;IGTI11.SA;19.76;19.81;19.28;19.54;19.54;285900;20.279509;-3.6465805;30.36162220244209;ESTAVEL
1698760800000;IGTI11.SA;19.53;19.73;19.44;19.68;19.68;368100;20.27354;-2.9276607;36.75586155106569;ESTAVEL
1698764400000;IGTI11.SA;19.69;19.88;19.68;19.87;19.87;346000;20.269524;-1.9710557;44.23895844777686;ESTAVEL
1698768000000;IGTI11.SA;19.88;19.97;19.79;19.94;19.94;221400;20.266243;-1.6097852;46.739287584456335;ESTAVEL
1698771600000;IGTI11.SA;19.95;19.98;19.84;19.9;19.9;358600;20.262598;-1.7894943;45.48420150112548;ESTAVEL
1698775200000;IGTI11.SA;19.89;19.97;19.82;19.95;19.95;310600;20.259487;-1.5276159;47.38609696264233;ESTAVEL
1698778800000;IGTI11.SA;19.96;20.45;19.91;20.15;20.15;836200;20.258396;-0.5350678;54.26002336011808;ESTAVEL
1698843600000;IGTI11.SA;20.1;20.28;20.1;20.15;20.15;235800;20.257317;-0.52976704;54.26002336011809;ESTAVEL
1698847200000;IGTI11.SA;20.16;20.46;20.16;20.3;20.3;875800;20.257742;0.20860209;58.92753834094492;ESTAVEL
1698850800000;IGTI11.SA;20.3;20.31;19.96;20.01;20.01;336900;20.255276;-1.2109227;48.6015560021742;ESTAVEL
1698854400000;IGTI11.SA;20.01;20.06;19.94;20.05;20.05;341800;20.253233;-1.0034593;49.90547326064685;ESTAVEL
1698858000000;IGTI11.SA;20.06;20.22;20.03;20.16;20.16;390600;20.252304;-0.45577073;53.40610522285623;ESTAVEL
1698861600000;IGTI11.SA;20.16;20.25;19.88;19.92;19.92;769500;20.248997;-1.6247557;45.87385627770498;ESTAVEL
1698865200000;IGTI11.SA;19.92;20.03;19.91;19.98;19.98;1590900;20.246319;-1.3153938;47.85392417231602;ESTAVEL
1699016400000;IGTI11.SA;20.53;20.91;20.52;20.78;20.78;726400;20.251633;2.609011;65.8122795010263;ESTAVEL
1699020000000;IGTI11.SA;20.78;20.84;20.53;20.6;20.6;806300;20.2551;1.7027798;60.74340797216946;ESTAVEL
1699023600000;IGTI11.SA;20.61;20.62;20.46;20.49;20.49;378000;20.257437;1.1480389;57.81295740224582;ESTAVEL
1699027200000;IGTI11.SA;20.48;20.61;20.45;20.55;20.55;350100;20.26035;1.4296433;58.97553362231202;ESTAVEL
1699030800000;IGTI11.SA;20.57;20.58;20.44;20.48;20.48;371000;20.262535;1.0732365;57.001914829504585;ESTAVEL
1699034400000;IGTI11.SA;20.47;20.64;20.47;20.59;20.59;723800;20.265795;1.5997658;59.30651508068704;ESTAVEL
1699038000000;IGTI11.SA;20.6;20.63;20.47;20.63;20.63;762700;20.26942;1.7789328;60.14308483914351;ESTAVEL
1699275600000;IGTI11.SA;20.68;20.89;20.3;20.37;20.37;101400;20.270422;0.4912479;52.57700133121504;ESTAVEL
1699279200000;IGTI11.SA;20.36;20.42;20.26;20.36;20.36;148300;20.271313;0.43750146;52.30445805494951;ESTAVEL
1699282800000;IGTI11.SA;20.36;20.46;20.24;20.42;20.42;289000;20.272793;0.72613174;53.850229012266055;ESTAVEL
1699286400000;IGTI11.SA;20.42;20.42;20.33;20.39;20.39;164900;20.27396;0.57235926;52.92660319214446;ESTAVEL
1699290000000;IGTI11.SA;20.39;20.44;20.36;20.42;20.42;127800;20.275414;0.7131124;53.780332152942336;ESTAVEL
1699293600000;IGTI11.SA;20.44;20.44;20.3;20.32;20.32;209200;20.275858;0.21770756;50.49303203751084;ESTAVEL
1699297200000;IGTI11.SA;20.33;20.35;20.27;20.3;20.3;332800;20.276098;0.1178814;49.83691441935481;ESTAVEL
1699362000000;IGTI11.SA;20.25;20.65;20.25;20.65;20.65;182600;20.27982;1.825364;59.70484000765731;ESTAVEL
1699365600000;IGTI11.SA;20.66;20.8;20.49;20.66;20.66;333300;20.283604;1.855668;59.94727224033082;ESTAVEL
1699369200000;IGTI11.SA;20.68;20.92;20.68;20.77;20.77;301200;20.288445;2.3735456;62.61196696943824;ESTAVEL
1699372800000;IGTI11.SA;20.78;20.82;20.72;20.76;20.76;152000;20.293139;2.300588;62.20678962735562;ESTAVEL
1699376400000;IGTI11.SA;20.76;20.89;20.71;20.83;20.83;235600;20.298481;2.6185162;63.96470748882301;ESTAVEL
1699380000000;IGTI11.SA;20.83;21.06;20.81;21.04;21.04;413500;20.305862;3.6153972;68.672492054881;ESTAVEL
1699383600000;IGTI11.SA;21.04;21.11;20.92;20.95;20.95;616500;20.312273;3.139614;64.76721669546413;ESTAVEL
1699448400000;IGTI11.SA;21.04;21.2;20.8;21.09;21.09;139100;20.320015;3.7892938;67.83176386980588;ESTAVEL
1699452000000;IGTI11.SA;21.1;21.13;20.96;20.97;20.97;217800;20.326483;3.1659055;62.79037359633132;ESTAVEL
1699455600000;IGTI11.SA;20.97;20.98;20.81;20.81;20.81;100900;20.331297;2.3545132;56.73562050375407;ESTAVEL
1699459200000;IGTI11.SA;20.82;20.96;20.81;20.82;20.82;143100;20.33616;2.379207;57.01461069570814;ESTAVEL
1699462800000;IGTI11.SA;20.82;20.86;20.7;20.77;20.77;134000;20.340479;2.111657;55.10134474822971;ESTAVEL
1699466400000;IGTI11.SA;20.77;21.05;20.77;20.92;20.92;177900;20.346247;2.8199465;59.492972233468834;ESTAVEL
1699470000000;IGTI11.SA;20.92;21.06;20.9;21.01;21.01;146600;20.352852;3.2287767;61.90089664355519;ESTAVEL
1699534800000;IGTI11.SA;20.97;21.09;20.76;20.92;20.92;101500;20.358498;2.7580738;58.17659012116346;ESTAVEL
1699538400000;IGTI11.SA;20.89;21.37;20.85;21.32;21.32;497200;20.368067;4.673655;67.52770891825224;ESTAVEL
1699542000000;IGTI11.SA;21.31;21.32;21.0;21.0;21.0;279900;20.374357;3.0707362;56.620944846954345;ESTAVEL
1699545600000;IGTI11.SA;21.0;21.09;20.95;21.08;21.08;99100;20.38138;3.427736;58.428670454494416;ESTAVEL
1699549200000;IGTI11.SA;21.08;21.17;20.95;21.02;21.02;292800;20.387735;3.1012008;56.52607184626481;ESTAVEL
1699552800000;IGTI11.SA;21.01;21.03;20.75;20.8;20.8;276300;20.39184;2.001585;50.08596161687068;ESTAVEL
1699556400000;IGTI11.SA;20.8;20.84;20.59;20.65;20.65;681500;20.39441;1.2532396;46.21942362678304;ESTAVEL
1699621200000;IGTI11.SA;20.98;21.15;20.77;21.15;21.15;229600;20.40193;3.6666636;57.88921372137285;ESTAVEL
1699624800000;IGTI11.SA;21.15;21.25;21.11;21.21;21.21;260200;20.409971;3.9197936;59.03785961207051;ESTAVEL
1699628400000;IGTI11.SA;21.2;21.22;20.77;20.97;20.97;604600;20.415545;2.7158496;52.83030427910246;ESTAVEL
1699632000000;IGTI11.SA;20.96;21.16;20.75;20.85;20.85;1244400;20.419868;2.1064363;49.99949690848428;ESTAVEL
1699635600000;IGTI11.SA;20.85;20.94;20.7;20.72;20.72;1569500;20.422857;1.4549518;47.057750970645664;ESTAVEL
1699639200000;IGTI11.SA;20.71;20.79;20.65;20.67;20.67;804900;20.425316;1.1979455;45.93824789693355;ESTAVEL
1699642800000;IGTI11.SA;20.69;20.86;20.67;20.76;20.76;1492500;20.428648;1.6219968;48.321453975764335;ESTAVEL
1699880400000;IGTI11.SA;20.8;20.98;20.63;20.83;20.83;127700;20.432642;1.9447217;50.161696023868025;ESTAVEL
1699884000000;IGTI11.SA;20.82;20.83;20.55;20.55;20.55;130200;20.43381;0.56861997;43.490499508848224;ESTAVEL
1699887600000;IGTI11.SA;20.54;20.58;20.44;20.55;20.55;226300;20.434967;0.5629222;43.490499508848224;ESTAVEL
1699891200000;IGTI11.SA;20.54;20.69;20.5;20.66;20.66;373100;20.437206;1.090138;46.71904943544629;ESTAVEL
1699894800000;IGTI11.SA;20.66;20.73;20.59;20.64;20.64;333100;20.439224;0.9823061;46.20219218311601;ESTAVEL
1699898400000;IGTI11.SA;20.63;20.75;20.54;20.54;20.54;1011100;20.440228;0.4881183;43.60464153180103;ESTAVEL
1699902000000;IGTI11.SA;20.56;20.64;20.52;20.56;20.56;699900;20.44142;0.5800986;44.2793747669323;ESTAVEL
1699966800000;IGTI11.SA;20.78;21.42;20.69;21.17;21.17;1098900;20.44867;3.5275183;59.99905000444205;ESTAVEL
1699970400000;IGTI11.SA;21.19;21.42;21.08;21.24;21.24;1410700;20.456547;3.829841;61.34666983540954;ESTAVEL
1699974000000;IGTI11.SA;21.24;21.27;21.02;21.09;21.09;435700;20.46285;3.0648196;56.92129783552805;ESTAVEL
1699977600000;IGTI11.SA;21.09;21.21;21.07;21.11;21.11;326800;20.469292;3.1300952;57.36293892540292;ESTAVEL
1699981200000;IGTI11.SA;21.11;21.21;20.99;21.16;21.16;489400;20.476166;3.3396595;58.50817261857105;ESTAVEL
1699984800000;IGTI11.SA;21.17;21.3;21.16;21.27;21.27;592500;20.484066;3.8368065;60.99063727881978;ESTAVEL
1699988400000;IGTI11.SA;21.28;21.54;21.22;21.23;21.23;1568100;20.49149;3.603987;59.59434117947488;ESTAVEL
1700139600000;IGTI11.SA;21.3;21.5;21.21;21.48;21.48;168500;20.501328;4.773703;64.98921081536774;ESTAVEL
1700143200000;IGTI11.SA;21.46;21.5;21.26;21.49;21.49;427100;20.511168;4.772193;65.18942490426478;ESTAVEL
1700146800000;IGTI11.SA;21.5;21.52;21.42;21.51;21.51;512000;20.521109;4.818898;65.61297233520415;ESTAVEL
1700150400000;IGTI11.SA;21.49;21.52;21.3;21.33;21.33;326600;20.529158;3.9009995;58.691574585339005;ESTAVEL
1700154000000;IGTI11.SA;21.35;21.49;21.33;21.47;21.47;349000;20.53852;4.535279;62.04517491388199;ESTAVEL
1700157600000;IGTI11.SA;21.46;21.48;21.42;21.47;21.47;533700;20.547792;4.48811;62.04517491388199;ESTAVEL
1700161200000;IGTI11.SA;21.47;21.64;21.44;21.58;21.58;844300;20.558065;4.970967;64.65961086020533;ESTAVEL
1700226000000;IGTI11.SA;21.92;21.92;21.5;21.62;21.62;1237100;20.568634;5.111501;65.58788107674789;ESTAVEL
1700229600000;IGTI11.SA;21.61;21.8;21.59;21.62;21.62;558700;20.579096;5.0580654;65.58788107674789;ESTAVEL
1700233200000;IGTI11.SA;21.63;21.77;21.57;21.71;21.71;389400;20.590351;5.437736;67.79524991488832;ESTAVEL
1700236800000;IGTI11.SA;21.7;21.84;21.65;21.81;21.81;415700;20.60249;5.8609934;70.09091629602986;CAIR
1700240400000;IGTI11.SA;21.81;21.89;21.7;21.88;21.88;559300;20.615204;6.135259;71.61617157662972;CAIR
1700244000000;IGTI11.SA;21.87;21.95;21.73;21.8;21.8;611500;20.626995;5.6867466;67.3866620834519;ESTAVEL
1700247600000;IGTI11.SA;21.79;21.86;21.77;21.86;21.86;324300;20.639265;5.914624;68.87151303518185;ESTAVEL
1700485200000;IGTI11.SA;21.58;21.74;21.58;21.62;21.62;72500;20.649025;4.7022805;57.57887383956458;ESTAVEL
1700488800000;IGTI11.SA;21.63;21.98;21.63;21.92;21.92;256100;20.661674;6.0901427;65.2492217044807;ESTAVEL
1700492400000;IGTI11.SA;21.93;22.09;21.88;22.04;22.04;373500;20.675392;6.6001544;67.76034441154258;ESTAVEL
1700496000000;IGTI11.SA;22.04;22.08;21.99;22.01;22.01;148200;20.688673;6.386717;66.46723373921435;ESTAVEL
1700499600000;IGTI11.SA;22.0;22.1;22.0;22.04;22.04;104200;20.702122;6.4625177;67.14250646017508;ESTAVEL
1700503200000;IGTI11.SA;22.04;22.18;21.99;22.11;22.11;295100;20.716133;6.7284126;68.72509248695833;ESTAVEL
1700506800000;IGTI11.SA;22.09;22.18;22.05;22.13;22.13;246500;20.730204;6.7524486;69.18181932438426;ESTAVEL
